<?xml version="1.0" encoding="UTF-8"?>
<!-- Foundation -->
<includes>
    <constant name="NavBarPad">112</constant>
    <constant name="SidePad">80</constant>
    <constant name="PosterPad">216</constant>
    <constant name="PosterH">640</constant>
    <constant name="PosterW">428</constant>
    <constant name="PosterShadowH">688</constant>
    <constant name="PosterShadowW">475</constant>
    <constant name="ListX">540</constant>
    <constant name="ListW">1300</constant>
    <constant name="ListSquareX">752</constant>
    <constant name="ListSquareW">1088</constant>
    <constant name="SidePadNewOSD">130</constant>
    <constant name="LabelLeft">95</constant>
    <constant name="LogoLeft">40</constant>
    <constant name="LogoTop">40</constant>
    <constant name="PosterFanartFadetime">250</constant>
    <constant name="HomeTimePerImage">12000</constant>
    <default type="label">
        <height>66</height>
        <aligny>center</aligny>
        <font>Small</font>
        <textcolor>Black70</textcolor>
        <focusedcolor>Black70</focusedcolor>
        <selectedcolor>Highlight2</selectedcolor>
        <disabledcolor>Black30</disabledcolor>
    </default>
    <default type="edit">
        <height>66</height>
        <align>center</align>
        <aligny>center</aligny>
        <font>Small</font>
        <textoffsetx>30</textoffsetx>
        <textcolor>Black70</textcolor>
        <focusedcolor>Selected</focusedcolor>
        <selectedcolor>Highlight2</selectedcolor>
        <disabledcolor>White12</disabledcolor>
        <texturefocus colordiffuse="White30">common/white.png</texturefocus>
        <texturenofocus>noop</texturenofocus>
        <pulseonselect>false</pulseonselect>
    </default>
    <default type="fadelabel">
        <height>66</height>
        <align>left</align>
        <aligny>center</aligny>
        <font>Small</font>
        <textcolor>White70</textcolor>
        <focusedcolor>Selected</focusedcolor>
        <selectedcolor>Highlight2</selectedcolor>
        <disabledcolor>White12</disabledcolor>
        <scrollout>false</scrollout>
        <pauseatend>2000</pauseatend>
    </default>
    <default type="image">
    </default>
    <default type="button">
        <height>66</height>
        <align>center</align>
        <aligny>center</aligny>
        <font>Small</font>
        <textoffsetx>30</textoffsetx>
        <textcolor>Black70</textcolor>
        <focusedcolor>Selected</focusedcolor>
        <disabledcolor>Black30</disabledcolor>
        <selectedcolor>Highlight2</selectedcolor>
        <texturefocus colordiffuse="White12">common/white.png</texturefocus>
        <texturenofocus>noop</texturenofocus>
        <pulseonselect>false</pulseonselect>
    </default>
    <default type="togglebutton">
        <height>66</height>
        <align>center</align>
        <aligny>center</aligny>
        <font>Small</font>
        <textoffsetx>30</textoffsetx>
        <textcolor>Black70</textcolor>
        <focusedcolor>Selected</focusedcolor>
        <selectedcolor>Highlight2</selectedcolor>
        <disabledcolor>Black30</disabledcolor>
        <texturefocus colordiffuse="White12">common/white.png</texturefocus>
        <texturenofocus>noop</texturenofocus>
        <alttexturefocus colordiffuse="White12">common/white.png</alttexturefocus>
        <alttexturenofocus>noop</alttexturenofocus>
        <pulseonselect>false</pulseonselect>
    </default>
    <default type="radiobutton">
        <height>66</height>
        <align>center</align>
        <aligny>center</aligny>
        <font>Small</font>
        <radioposx>1250</radioposx>
        <radioposy>21</radioposy>
        <radiowidth>32</radiowidth>
        <radioheight>32</radioheight>
        <textoffsetx>30</textoffsetx>
        <textcolor>Black70</textcolor>
        <focusedcolor>Selected</focusedcolor>
        <disabledcolor>Black30</disabledcolor>
        <selectedcolor>Highlight2</selectedcolor>
        <texturefocus colordiffuse="White12">common/white.png</texturefocus>
        <texturenofocus>noop</texturenofocus>
        <textureradiofocus colordiffuse="Black70">buttons/radio-on.png</textureradiofocus>
        <textureradionofocus colordiffuse="Black30">buttons/radio-off.png</textureradionofocus>
        <textureradioondisabled colordiffuse="Black12">buttons/radio-on.png</textureradioondisabled>
        <textureradiooffdisabled colordiffuse="Black12">buttons/radio-off.png</textureradiooffdisabled>
        <textoffsetx>30</textoffsetx>
        <pulseonselect>false</pulseonselect>
    </default>
    <default type="spincontrolex">
        <height>66</height>
        <font>Small</font>
        <spinwidth>32</spinwidth>
        <spinheight>32</spinheight>
        <textcolor>Black70</textcolor>
        <focusedcolor>Selected</focusedcolor>
        <disabledcolor>Black12</disabledcolor>
        <selectedcolor>Highlight2</selectedcolor>
        <texturefocus colordiffuse="White12">common/white.png</texturefocus>
        <texturenofocus>noop</texturenofocus>
        <textureup flipy="true" colordiffuse="Black30">buttons/spin-down.png</textureup>
        <texturedown colordiffuse="Black30">buttons/spin-down.png</texturedown>
        <textureupfocus flipy="true" colordiffuse="Selected">buttons/spin-down.png</textureupfocus>
        <texturedownfocus colordiffuse="Selected">buttons/spin-down.png</texturedownfocus>
        <textureupdisabled flipy="true" colordiffuse="Black12">buttons/spin-down.png</textureupdisabled>
        <texturedowndisabled colordiffuse="Black12">buttons/spin-down.png</texturedowndisabled>
        <textoffsetx>30</textoffsetx>
        <align>left</align>
        <aligny>center</aligny>
        <reverse>yes</reverse>
        <pulseonselect>false</pulseonselect>
    </default>
    <default type="spincontrol">
        <height>66</height>
        <font>Small</font>
        <spinwidth>32</spinwidth>
        <spinheight>32</spinheight>
        <textcolor>Black70</textcolor>
        <focusedcolor>Selected</focusedcolor>
        <disabledcolor>Black12</disabledcolor>
        <selectedcolor>Highlight2</selectedcolor>
        <texturefocus colordiffuse="White12">common/white.png</texturefocus>
        <texturenofocus>noop</texturenofocus>
        <textureup flipy="true" colordiffuse="Black30">buttons/spin-down.png</textureup>
        <texturedown colordiffuse="Black30">buttons/spin-down.png</texturedown>
        <textureupfocus flipy="true" colordiffuse="Selected">buttons/spin-down.png</textureupfocus>
        <texturedownfocus colordiffuse="Selected">buttons/spin-down.png</texturedownfocus>
        <textureupdisabled flipy="true" colordiffuse="Black12">buttons/spin-down.png</textureupdisabled>
        <texturedowndisabled colordiffuse="Black12">buttons/spin-down.png</texturedowndisabled>
        <textoffsetx>30</textoffsetx>
        <align>left</align>
        <aligny>center</aligny>
        <reverse>yes</reverse>
        <pulseonselect>false</pulseonselect>
    </default>
    <default type="progress">
        <texturebg colordiffuse="2f5f5f5f">osd/progress-bg.png</texturebg>
        <lefttexture colordiffuse="$VAR[ColorHighlight]">osd/progress-end.png</lefttexture>
        <midtexture colordiffuse="$VAR[ColorHighlight]">osd/progress-end.png</midtexture>
        <righttexture colordiffuse="PanelWhite70">osd/progress-end.png</righttexture>
        <overlaytexture>noop</overlaytexture>
    </default>
    <default type="slider">
        <width>360</width>
        <height>23</height>
        <orientation>horizontal</orientation>
        <texturefocus>-</texturefocus>
        <texturenofocus>-</texturenofocus>
        <texturesliderbar>other_textures/OSD/slider_bg_2.png</texturesliderbar>
        <textureslidernib border="2">other_textures/OSD/SliderNibNF.png</textureslidernib>
        <textureslidernibfocus border="2">other_textures/OSD/SliderNibFO.png</textureslidernibfocus>
    </default>
    <default type="sliderex">
        <height>66</height>
        <orientation>horizontal</orientation>
        <selectedcolor>Highlight2</selectedcolor>
        <sliderwidth>230</sliderwidth>
        <sliderheight>23</sliderheight>
        <texturesliderbar>other_textures/OSD/slider_bg.png</texturesliderbar>
        <textureslidernib border="2">other_textures/OSD/SliderNibNF.png</textureslidernib>
        <textureslidernibfocus border="2">other_textures/OSD/SliderNibFO.png</textureslidernibfocus>
        <font>Small</font>
        <aligny>center</aligny>
        <textcolor>Black70</textcolor>
        <focusedcolor>Selected</focusedcolor>
        <disabledcolor>Black12</disabledcolor>
        <textoffsetx>30</textoffsetx>
        <textoffsety>0</textoffsety>
    </default>
    <default type="scrollbar">
        <width>8</width>
        <texturesliderbackground colordiffuse="White12">common/white.png</texturesliderbackground>
        <texturesliderbar colordiffuse="White30">common/white.png</texturesliderbar>
        <texturesliderbarfocus colordiffuse="$VAR[ColorHighlight]">common/white.png</texturesliderbarfocus>
        <textureslidernib>noop</textureslidernib>
        <textureslidernibfocus>noop</textureslidernibfocus>
        <showonepage>false</showonepage>
        <orientation>vertical</orientation>
    </default>
    <default type="textbox">
        <font>Small</font>
        <textcolor>Black70</textcolor>
        <shadowcolor>noop</shadowcolor>
        <selectedcolor>Highlight2</selectedcolor>
        <pagecontrol>61</pagecontrol>
        <autoscroll delay="10000" time="4000" repeat="10000"/>
    </default>
</includes>
