<?xml version="1.0" encoding="UTF-8"?>
<!-- Foundation -->
<window id="146">
    <defaultcontrol always="true">9000</defaultcontrol>
    <controls>
        <include>DialogAddonInfoWIP</include>        
        <include content="DialogInfoOverlay">
            <param name="headerinfo" value="$INFO[ListItem.Label]" />
            <param name="plotinfo" value="$INFO[ListItem.AddonSummary,[B],[/B][CR][CR]]$INFO[ListItem.AddonDescription,,[CR][CR]]$INFO[ListItem.AddonNews]" />
        </include>
    </controls>
</window>
