<?xml version="1.0" encoding="UTF-8"?>
<window id="605">
    <defaultcontrol always="true">20</defaultcontrol>
    <onunload>ClearProperty(Focus)</onunload>
    <controls>
        <include>GlobalOverlay</include>
        <control type="group">
            <centertop>50%</centertop>
            <width>1290</width>
            <height>1006</height>
            <include>DefDialogInfoPanel</include>
            <control type="label">
                <description>Header Label</description>
                <left>105</left>
                <width>1000</width>
                <posy>22</posy>
                <include>FontTop</include>
                <textcolor>Dark2</textcolor>
                <label>$LOCALIZE[19199] • $LOCALIZE[19023]</label>
            </control>
            <include content="Kodi_Logo">
                <param name="dimensions" value="40"/>
                <param name="top" value="38"/>
                <param name="left" value="48"/>
            </include>
            
            <!-- Lines -->
            <control type="image">
                <top>95</top>
                <left>45</left>
                <width>1200</width>
                <height>1</height>
                <bottom>10</bottom>
                <colordiffuse>Black12</colordiffuse>
                <texture>common/white.png</texture>
            </control>
            <control type="group" id="8000">
                <posx>30</posx>
                <posy>90</posy>
                <width>1230</width>
                <control type="list" id="20">
                    <posx>15</posx>
                    <posy>30</posy>
                    <width>580</width>
                    <height>720</height>
                    <onup>20</onup>
                    <ondown>20</ondown>
                    <onleft>8003</onleft>
                    <onright>8002</onright>
                    <pagecontrol>60</pagecontrol>
                    <scrolltime>0</scrolltime>
                    <visible>!Window.IsActive(contextmenu)</visible>
                    <itemlayout height="69" width="580">
                        <control type="group">
                            <control type="image">
                                <posx>10</posx>
                                <posy>10</posy>
                                <width>56</width>
                                <height>56</height>
                                <aspectratio align="left">keep</aspectratio>
                                <texture background="true">$INFO[ListItem.Icon]</texture>
                            </control>
                            <control type="label">
                                <left>80</left>
                                <right>30</right>
                                <label>$INFO[ListItem.Property(Number),(,) ]$INFO[ListItem.Property(Name)]</label>
                            </control>
                        </control>
                    </itemlayout>
                    <focusedlayout height="99" width="580">
                        <control type="group">
                            <visible>!Control.HasFocus(20)</visible>
                            <control type="image">
                                <posx>10</posx>
                                <posy>10</posy>
                                <width>56</width>
                                <height>56</height>
                                <aspectratio align="left">keep</aspectratio>
                                <texture background="true">$INFO[ListItem.Icon]</texture>
                            </control>
                            <control type="label">
                                <left>80</left>
                                <right>30</right>
                                <label>$INFO[ListItem.Property(Number),(,) ]$INFO[ListItem.Property(Name)]</label>
                            </control>
                            <control type="label">
                                <bottom>3</bottom>
                                <height>50</height>
                                <left>80</left>
                                <font>Mini</font>
                                <right>30</right>
                                <label>$INFO[ListItem.Property(ClientName),$LOCALIZE[19210]: ,]</label>
                            </control>
                        </control>
                        <control type="group">
                            <visible>Control.HasFocus(20)</visible>
                            <control type="image">
                                <width>100%</width>
                                <height>96</height>
                                <texture border="5" colordiffuse="$VAR[ColorHighlight]">common/box.png</texture>
                            </control>
                            <control type="image">
                                <posx>10</posx>
                                <posy>10</posy>
                                <width>56</width>
                                <height>56</height>
                                <aspectratio align="left">keep</aspectratio>
                                <texture background="true">$INFO[ListItem.Icon]</texture>
                            </control>
                            <control type="label">
                                <left>80</left>
                                <right>30</right>
                                <textcolor>Selected</textcolor>
                                <label>$INFO[ListItem.Property(Number),(,) ]$INFO[ListItem.Property(Name)]</label>
                            </control>
                            <control type="label">
                                <bottom>3</bottom>
                                <left>80</left>
                                <font>Mini</font>
                                <right>30</right>
                                <height>50</height>
                                <textcolor>Selected</textcolor>
                                <label>$INFO[ListItem.Property(ClientName),$LOCALIZE[19210]: ,]</label>
                            </control>
                        </control>
                    </focusedlayout>
                </control>
                <control type="grouplist" id="8002">
                    <right>15</right>
                    <posy>30</posy>
                    <width>600</width>
                    <height>720</height>
                    <onleft>20</onleft>
                    <onright>8003</onright>
                    <orientation>vertical</orientation>
                    <itemgap>3</itemgap>
                    <usecontrolcoords>true</usecontrolcoords>
                    <control type="radiobutton" id="7">
                        <description>Channel activated</description>
                        <width>600</width>
                        <height>66</height>
                        <align>left</align>
                        <texturefocus colordiffuse="$VAR[ColorHighlight]" border="5">common/box.png</texturefocus>
                        <label>19074</label>
                        <radioposx>550</radioposx>
                    </control>
                    <control type="edit" id="8">
                        <description>Channel name</description>
                        <width>600</width>
                        <height>66</height>
                        <align>left</align>
                        <texturefocus colordiffuse="$VAR[ColorHighlight]" border="5">common/box.png</texturefocus>
                        <label>19201</label>
                        <textcolor>Black70</textcolor>
                    </control>
                    <control type="button" id="9">
                        <description>Channel logo Button</description>
                        <width>600</width>
                        <height>66</height>
                        <align>left</align>
                        <texturefocus colordiffuse="$VAR[ColorHighlight]" border="5">common/box.png</texturefocus>
                        <label>19202</label>
                    </control>
                    <control type="radiobutton" id="12">
                        <description>EPG activated</description>
                        <width>600</width>
                        <height>66</height>
                        <align>left</align>
                        <texturefocus colordiffuse="$VAR[ColorHighlight]" border="5">common/box.png</texturefocus>
                        <label>19206</label>
                        <radioposx>550</radioposx>
                    </control>
                    <control type="spincontrolex" id="13">
                        <description>EPG source</description>
                        <width>600</width>
                        <height>66</height>
                        <align>left</align>
                        <texturefocus colordiffuse="$VAR[ColorHighlight]" border="5">common/box.png</texturefocus>
                        <label>19200</label>
                    </control>
                    <control type="radiobutton" id="14">
                        <description>Parental locked</description>
                        <width>600</width>
                        <height>66</height>
                        <align>left</align>
                        <texturefocus colordiffuse="$VAR[ColorHighlight]" border="5">common/box.png</texturefocus>
                        <radioposx>550</radioposx>
                        <label>19267</label>
                    </control>
                    <control type="button" id="30">
                        <posy>30</posy>
                        <description>Group Manager Button</description>
                        <width>600</width>
                        <height>66</height>
                        <align>left</align>
                        <texturefocus colordiffuse="$VAR[ColorHighlight]" border="5">common/box.png</texturefocus>
                        <radioposx>550</radioposx>
                        <label>19205</label>
                    </control>
                    <control type="button" id="34">
                        <description>TV/Radio Button</description>
                        <width>600</width>
                        <height>66</height>
                        <align>left</align>
                        <texturefocus colordiffuse="$VAR[ColorHighlight]" border="5">common/box.png</texturefocus>
                        <radioposx>550</radioposx>
                        <label>$LOCALIZE[19021] / $LOCALIZE[19020]</label>
                    </control>
                    <control type="button" id="31">
                        <description>Create channel Button</description>
                        <width>600</width>
                        <height>66</height>
                        <align>left</align>
                        <texturefocus colordiffuse="$VAR[ColorHighlight]" border="5">common/box.png</texturefocus>
                        <radioposx>550</radioposx>
                        <label>19204</label>
                    </control>
                </control>
            </control>
            <control type="grouplist" id="8003">
                <centerleft>50%</centerleft>
                <bottom>30</bottom>
                <width>100%</width>
                <height>70</height>
                <align>center</align>
                <itemgap>30</itemgap>
                <orientation>horizontal</orientation>
                <onleft>20</onleft>
                <onright>13</onright>
                <onup>13</onup>
                <control type="button" id="4">
                    <description>OK</description>
                    <label>186</label>
                    <texturefocus colordiffuse="$VAR[ColorHighlight]" border="5">common/box.png</texturefocus>
                    <texturenofocus colordiffuse="Black12" border="5">common/box.png</texturenofocus>
                    <include>DefDialogButtons</include>
                </control>
                <control type="button" id="5">
                    <description>Apply</description>
                    <label>$LOCALIZE[118]</label>
                    <texturefocus colordiffuse="$VAR[ColorHighlight]" border="5">common/box.png</texturefocus>
                    <texturenofocus colordiffuse="Black12" border="5">common/box.png</texturenofocus>
                    <include>DefDialogButtons</include>
                </control>
                <control type="button" id="6">
                    <description>Cancel</description>
                    <label>$LOCALIZE[117]</label>
                    <texturefocus colordiffuse="$VAR[ColorHighlight]" border="5">common/box.png</texturefocus>
                    <texturenofocus colordiffuse="Black12" border="5">common/box.png</texturenofocus>
                    <include>DefDialogButtons</include>
                </control>
            </control>
        </control>
    </controls>
</window>
