<?xml version="1.0" encoding="UTF-8"?>
<!-- Foundation -->
<window id="125">
    <defaultcontrol always="true">2</defaultcontrol>
    <include>DefOSDButtonsOSDCancelTimeout</include>
    <controls>
        <include>GlobalOverlay</include>
        <control type="group">
            <height>800</height>
            <width>1120</width>
            <include>DefDialogInfoPanel</include>
            <control type="label">
                <description>Header Label</description>
                <left>105</left>
                <width>1000</width>
                <posy>22</posy>
                <include>FontTop</include>
                <textcolor>Dark2</textcolor>
                <label>$LOCALIZE[298] - ($INFO[Container(11).NumItems]) $LOCALIZE[31027] - $LOCALIZE[31028] ($INFO[Container(11).CurrentPage]/$INFO[Container(11).NumPages])</label>
            </control>
            <include content="Kodi_Logo">
                <param name="dimensions" value="40"/>
                <param name="top" value="38"/>
                <param name="left" value="48"/>
            </include>

            <!-- Lines -->
            <control type="image">
                <top>95</top>
                <left>45</left>
                <width>1030</width>
                <height>1</height>
                <bottom>10</bottom>
                <colordiffuse>Black12</colordiffuse>
                <texture>common/white.png</texture>
            </control>
            <control type="panel" id="11">
                <centerleft>50%</centerleft>
                <posy>110</posy>
                <left>35</left>
                <width>1060</width>
                <height>600</height>
                <onleft>2</onleft>
                <onright>3</onright>
                <ondown>2</ondown>
                <onup>2</onup>
                <scrolltime>200</scrolltime>
                <viewtype label="536">icon</viewtype>
                <orientation>horizontal</orientation>
                <itemlayout height="292" width="350">
                    <control type="image">
                        <left>10</left>
                        <right>10</right>
                        <top>10</top>
                        <bottom>60</bottom>
                        <texture border="4" colordiffuse="Black12">common/box.png</texture>
                    </control>
                    <control type="image">
                        <left>10</left>
                        <right>10</right>
                        <top>10</top>
                        <bottom>60</bottom>
                        <aspectratio scalediffuse="false">scale</aspectratio>
                        <texture diffuse="diffuse/pvrinfo.png" background="true" border="4">$INFO[ListItem.Icon]</texture>
                    </control>
                    <control type="image">
                        <left>10</left>
                        <right>10</right>
                        <top>10</top>
                        <bottom>60</bottom>
                        <texture colordiffuse="Box2" border="4" background="true">common/box21.png</texture>
                        <visible>!Skin.HasSetting(thumbnails.white)</visible>
                    </control>
                    <control type="label">
                        <centerleft>50%</centerleft>
                        <posy>251</posy>
                        <width>330</width>
                        <height>23</height>
                        <align>center</align>
                        <font>Tiny</font>
                        <label>$INFO[ListItem.Label]$INFO[ListItem.Label2,  •  ,]</label>
                    </control>
                </itemlayout>
                <focusedlayout height="292" width="350">
                    <control type="image">
                        <left>10</left>
                        <right>10</right>
                        <top>10</top>
                        <bottom>60</bottom>
                        <texture colordiffuse="Box2" border="4" background="true">common/box21.png</texture>
                        <visible>!Skin.HasSetting(thumbnails.white)</visible>
                    </control>
                    <control type="image">
                        <left>2</left>
                        <right>4</right>
                        <top>2</top>
                        <bottom>52</bottom>
                        <texture border="5" colordiffuse="$VAR[ColorSelectOtherBar]">common/box.png</texture>
                    </control>
                    <control type="image">
                        <left>2</left>
                        <right>4</right>
                        <top>2</top>
                        <bottom>52</bottom>
                        <texture border="8" colordiffuse="$VAR[ColorHighlightOtherBar]">common/gradient-box-wide.png</texture>
                    </control>
                    <control type="image">
                        <left>10</left>
                        <right>10</right>
                        <top>10</top>
                        <bottom>60</bottom>
                        <texture border="4" colordiffuse="Black12">common/box.png</texture>
                    </control>
                    <control type="image">
                        <left>10</left>
                        <right>10</right>
                        <top>10</top>
                        <bottom>60</bottom>
                        <aspectratio scalediffuse="false">scale</aspectratio>
                        <texture diffuse="diffuse/pvrinfo.png" background="true" border="4">$INFO[ListItem.Icon]</texture>
                    </control>                    
                    <control type="label">
                        <centerleft>50%</centerleft>
                        <posy>251</posy>
                        <width>330</width>
                        <height>23</height>
                        <align>center</align>
                        <font>Tiny</font>
                        <label>$INFO[ListItem.Label]$INFO[ListItem.Label2,  •  ,]</label>
                    </control>
                </focusedlayout>
            </control>
            <control type="grouplist" id="9000">
                <centerleft>50%</centerleft>
                <bottom>30</bottom>
                <width>1080</width>
                <height>66</height>
                <itemgap>30</itemgap>
                <align>center</align>
                <orientation>horizontal</orientation>
                <onleft>9000</onleft>
                <onright>9000</onright>
                <onup>11</onup>
                <ondown>11</ondown>
                <control type="button" id="2">
                    <description>Create Bookmark button</description>
                    <label>294</label>
                    <width>330</width>
                    <texturefocus colordiffuse="$VAR[ColorHighlight]" border="5">common/box.png</texturefocus>
                    <texturenofocus colordiffuse="Black12" border="5">common/box.png</texturenofocus>
                    <include>DefDialogButtons</include>
                </control>
                <control type="button" id="3">
                    <description>Clear Bookmark button</description>
                    <label>296</label>
                    <width>330</width>
                    <texturefocus colordiffuse="$VAR[ColorHighlight]" border="5">common/box.png</texturefocus>
                    <texturenofocus colordiffuse="Black12" border="5">common/box.png</texturenofocus>
                    <include>DefDialogButtons</include>
                </control>
                <control type="button" id="4">
                    <description>Clear Bookmark button</description>
                    <label>20406</label>
                    <width>330</width>
                    <texturefocus colordiffuse="$VAR[ColorHighlight]" border="5">common/box.png</texturefocus>
                    <texturenofocus colordiffuse="Black12" border="5">common/box.png</texturenofocus>
                    <include>DefDialogButtons</include>
                    <visible>videoplayer.content(episodes)</visible>
                </control>
            </control>
        </control>
    </controls>
</window>
