<?xml version="1.0" encoding="UTF-8"?>
<window type="dialog" id="1296">
	<defaultcontrol>9090</defaultcontrol>
	<controls>
		<control type="group">
		<animation effect="fade" condition="!Control.HasFocus(9092)" start="100" end="0" time="500" delay="1000" tween="quadratic">WindowClose</animation>
		<control type="image" description="Background">
            <include>Dimensions_Fullscreen</include>
            <texture colordiffuse="Background">common/bg.jpg</texture>
            <visible>String.IsEmpty(Skin.String(StartupPlaylist))</visible>
                        <height>130</height>
        </control>
		
		<control type="group">
			<animation effect="fade" condition="!Control.HasFocus(9092)" start="0" end="100" time="300" delay="1000" tween="quadratic">WindowOpen</animation>
			<animation effect="fade" condition="!Control.HasFocus(9092)" start="100" end="0" time="500" delay="0" tween="quadratic">WindowClose</animation>
			<control type="label">
				<description>Loading</description>
				<width>100%</width>
				<height>100%</height>
				<align>center</align>
				<aligny>center</aligny>
				<label>Arctic [COLOR=$VAR[ColorHighlight]]Zephyr[/COLOR]</label>
				<font>EpisodeNumber</font>
				<textcolor>Dark1</textcolor>
			</control>
			<control type="image">
				<left>950</left>
				<top>470</top>
				<width>400</width>
				<height>300</height>
				<centertop>50%</centertop>
				<texture>backg/elegant.png</texture>	
				<animation effect="fade" start="0" end="100" time="800" delay="1000" tween="quadratic">WindowOpen</animation>			
			</control>
			<control type="group">
				<animation effect="slide" start="0,100" end="0,0" time="300" delay="1500" tween="quadratic">WindowOpen</animation>
				<control type="textbox">
					<top>850</top>
					<height>130</height>
					<align>center</align>
					<font>Tiny</font>
					<textcolor>Dark1</textcolor>
					<label>37627</label>
				</control>
				
				<control type="grouplist" id="9000">
					<visible>true</visible>
					<bottom>100</bottom>
					<left>0</left>
					<align>center</align>	
					<include>listdimensions</include>
					<ondown>9000</ondown>
					<onup condition="Control.IsVisible(50)">51</onup>
					<onup condition="Control.IsVisible(9501)">9501</onup>
					<orientation>horizontal</orientation>	
					
					<control type="radiobutton" id ="9090">
						<include>buttondimensions</include>
						<include content="buttontextures">
							<param name="icon" value="buttonsdialogs/info.png" />
						</include>
						<onclick>ActivateWindow(1279)</onclick>
					</control>
					
					<control type="radiobutton" id ="9091">
						<include>buttondimensions</include>
						<include content="buttontextures">
							<param name="icon" value="buttonsdialogs/disable.png" />
						</include>
						<onclick>Skin.SetBool(SetupDone)</onclick>	
						<onclick>Close</onclick>	
					</control>
					
					<control type="radiobutton" id ="9092">
						<include>buttondimensions</include>
						<include content="buttontextures">
							<param name="icon" value="buttonsdialogs/settings.png" />
						</include>
						<onclick>Skin.SetBool(SetupDone)</onclick>	
						<onclick>Close</onclick>
						<onclick>ActivateWindowAndFocus(skinsettings,9108,2)</onclick>	
					</control>
				</control>
				
				<control type="label">
					<top>975</top>
					<height>50</height>
					<align>center</align>
					<font>Tiny</font>
					<textcolor>Dark3</textcolor>
					<label>$VAR[StartupSet]</label>
				</control>
			</control>
		</control>
		
		</control>
	</controls>
</window>