<?xml version="1.0" encoding="UTF-8"?>
<!-- Foundation -->
<window id="2001">
    <defaultcontrol always="true">9000</defaultcontrol>
    <onload condition="Control.IsVisible(9002)">SetFocus(9002)</onload>
    <onload condition="Control.IsVisible(9201)">SetFocus(9201)</onload>
    <onload condition="Control.IsVisible(9001)">SetFocus(9001)</onload>
    <onunload>ClearProperty(SetUserRating,home)</onunload>
    <onunload>ClearProperty(SetUserRating2,home)</onunload>
    <onload>ClearProperty(discography)</onload>
    <onload>ClearProperty(musicyoutube)</onload>
    <onload condition="Skin.HasSetting(preloadcontent)">SetProperty(discography,1)</onload>
    <onload condition="Skin.HasSetting(preloadcontent)">SetProperty(musicyoutube,1)</onload>
    <onload>ClearProperty(content)</onload>
    <onload>ClearProperty(tracklist)</onload>
    <onload>ClearProperty(musicinfo)</onload>
    <onunload>ClearProperty(ShowDisc)</onunload>
    <onload>ClearProperty(ShowDisc)</onload>
    <onload>ClearProperty(musiccontentinfo)</onload>
    <onload>ClearProperty(musiccontentinfodisco)</onload>
    <onload>ClearProperty(musiccontent)</onload>
    <onload condition="Control.HasFocus(9002) + String.IsEqual(ListItem.DBType,album)">SetFocus(9001)</onload>
    <!--<onload>Dialog.Close(135)</onload>-->
    <controls>
        <include>DialogMusicInfoWIP</include>
    </controls>
</window>
