<?xml version="1.0" encoding="UTF-8"?>
<includes>

    <include name="InfoSubWidgetWeatherOld">
        <control type="group">
            <animation effect="slide" start="0" end="0,385" time="0" condition="Integer.IsEqual(Container(301).NumItems,1) + !String.Contains(Container(300).ListItem.Property(widgetFullscreen),yes)">Conditional</animation>
            <control type="group">
                <top>50</top>
                <left>-9</left>
                <width>800</width>
                <height>325</height>
                <include>Animation.Vertical.Widgets.Container</include>
                <control type="image">
                    <left>0</left>
                    <top>0</top>
                    <right>0</right>
                    <bottom>0</bottom>
                    <texture border="10" colordiffuse="Light3">common/$VAR[nofocus-shadow10]</texture>
                </control>
                <control type="image">
                    <top>10</top>
                    <left>10</left>
                    <right>10</right>
                    <bottom>10</bottom>
                    <texture border="5" colordiffuse="Panel">common/box.png</texture>
                    <animation effect="fade" start="100" end="90" condition="true">Conditional</animation>
                </control>
                <control type="multiimage" description="Fanart">
                    <visible>!Skin.HasSetting(weather.hidefanart) + !Skin.HasSetting(weather.fanart.widgets) + String.Contains(Skin.String(weather.fanart.path),multi) + !String.IsEmpty(Skin.String(weather.fanart.path))</visible>
                    <top>10</top>
                    <left>10</left>
                    <right>10</right>
                    <bottom>10</bottom>
                    <fadetime>600</fadetime>
                    <timeperimage>12000</timeperimage>
                    <randomize>true</randomize>
                    <aspectratio>scale</aspectratio>
                    <animation effect="fade" start="100" end="10" condition="true">Conditional</animation>
                    <imagepath background="true">$INFO[Skin.String(weather.fanart.path)]$INFO[Window(weather).Property(Current.FanartCode)]/</imagepath>
                </control>
                <control type="image" description="Fanart">
                    <visible>!Skin.HasSetting(weather.hidefanart) + !Skin.HasSetting(weather.fanart.widgets) + !String.Contains(Skin.String(weather.fanart.path),multi) + !String.IsEmpty(Skin.String(weather.fanart.path))</visible>
                    <top>10</top>
                    <left>10</left>
                    <right>10</right>
                    <bottom>10</bottom>
                    <aspectratio>scale</aspectratio>
                    <animation effect="fade" start="100" end="10" condition="true">Conditional</animation>
                    <texture background="true">$INFO[Skin.String(weather.fanart.path)]$INFO[Window(weather).Property(Current.FanartCode)].jpg</texture>
                </control>
                <control type="image">
                    <left>9</left>
                    <top>9</top>
                    <right>9</right>
                    <bottom>9</bottom>
                    <texture colordiffuse="BoxWidget" border="4" background="true">common/box21.png</texture>
                    <visible>!Skin.HasSetting(thumbnails.white)</visible>
                </control>
                <control type="image">
                    <top>40</top>
                    <left>480</left>
                    <height>250</height>
                    <width>250</width>
                    <aspectratio align="center" aligny="center">keep</aspectratio>
                    <texture>$INFO[Skin.String(weather.icons.path),,/]$INFO[Window(weather).Property(Current.FanartCode),,.png]</texture>
                    <visible>!String.IsEmpty(Skin.String(weather.icons.path))</visible>
                </control>
                <control type="multiimage">
                    <top>40</top>
                    <left>480</left>
                    <width>250</width>
                    <height>250</height>
                    <timeperimage>50</timeperimage>
                    <aspectratio align="center" aligny="center">keep</aspectratio>
                    <fadetime>10</fadetime>
                    <imagepath>$INFO[Skin.String(weather.icons.path),,/]$INFO[Window(weather).Property(Current.FanartCode)]</imagepath>
                    <visible>!String.IsEmpty(Skin.String(weather.icons.path)) + String.Contains(Skin.String(weather.icons.path),animated)</visible>
                </control>
                <control type="image">
                    <top>40</top>
                    <left>480</left>
                    <height>250</height>
                    <width>250</width>
                    <aspectratio align="center" aligny="center">keep</aspectratio>
                    <texture>$INFO[Window(Weather).Property(Day0.OutlookIcon)]</texture>
                    <visible>String.IsEmpty(Skin.String(weather.icons.path))</visible>
                </control>
            </control>
            <control type="grouplist">
                <left>3</left>
                <width>522</width>
                <orientation>vertical</orientation>
                <top>0</top>
                <usecontrolcoords>true</usecontrolcoords>
                <itemgap>15</itemgap>
                <include>Animation.Vertical.Widgets.Label</include>
                <control type="grouplist" id="9020">
                    <height>40</height>
                    <left>0</left>
                    <orientation>horizontal</orientation>
                    <itemgap>10</itemgap>
                    <usecontrolcoords>true</usecontrolcoords>
                    <include content="Kodi_Logo_Home">
                        <param name="dimensions" value="30"/>
                        <param name="top" value="5"/>
                        <param name="left" value="0"/>
                        <param name="left-gradient" value="-40"/>
                    </include>
                    <control type="label" id="90244">
                        <height>38</height>
                        <font>SmallNavi</font>
                        <width>1322</width>
                        <textcolor>Dark1</textcolor>
                        <label>$LOCALIZE[8] - $LOCALIZE[19030]</label>
                    </control>
                </control>
                <control type="label">
                    <font>SmallBold</font>
                    <width>100%</width>
                    <align>left</align>
                    <left>40</left>
                    <textcolor>PanelWhite100</textcolor>
                    <height>15</height>
                    <label> </label>
                </control>
                <control type="label">
                    <font>MediumBold</font>
                    <width>100%</width>
                    <align>left</align>
                    <left>35</left>
                    <textcolor>PanelWhite100</textcolor>
                    <label>$LOCALIZE[19030]: $INFO[Weather.Temperature]</label>
                </control>
                <control type="textbox">
                    <font>Tiny</font>
                    <width>400</width>
                    <height min="36" max="180">auto</height>
                    <align>left</align>
                    <left>35</left>
                    <textcolor>PanelWhite100</textcolor>
                    <include condition="Skin.HasSetting(widgets.autoscrollingplot)">ScrollTextWidget</include>
                    <include condition="!Skin.HasSetting(widgets.autoscrollingplot)">NoScrollTextWidget</include>
                    <label>$INFO[Window(Weather).Property(Current.Condition),,[CR]]$INFO[Window(Weather).Property(Current.FeelsLike),$LOCALIZE[402] ,°[CR]]$INFO[Window(Weather).Property(Current.Humidity),, $LOCALIZE[406][CR]]$INFO[Window(Weather).Property(Current.Wind),$LOCALIZE[404]: ][CR]$VAR[Weather_Sunrise] / $VAR[Weather_Sunset]</label>
                </control>
            </control>
        </control>
    </include>

    <include name="InfoSubWidgetWeatherNormal">
        <control type="group">
            <animation effect="slide" start="0" end="0,385" time="0" condition="Integer.IsEqual(Container(301).NumItems,1) + !String.Contains(Container(300).ListItem.Property(widgetFullscreen),yes)">Conditional</animation>
            <include>Animation.Vertical.Widgets.Label</include>
            <width>1800</width>
            <height>400</height>
            
            <include content="MultiWidgetsHeaderLabel">
                <param name="label" value="$INFO[Weather.location]" />
                <param name="left" value="2" />
            </include>

            <control type="textbox">
                <height>82</height>
                <bottom>33</bottom>
                <left>3</left>
                <aligny>bottom</aligny>
                <align>left</align>
                <font>Tiny</font>
                <textcolor>Dark3</textcolor>
                <label>$INFO[System.AddonTitle(Weather.plugin)][CR]$INFO[Window(Weather).Property(Updated),$LOCALIZE[12014]: ,]</label>
            </control>
            <control type="grouplist">
                <top>73</top>
                <left>3</left>
                <orientation>horizontal</orientation>
                <control type="grouplist">
                    <itemgap>0</itemgap>
                    <width>350</width>
                    <usecontrolcoords>true</usecontrolcoords>
                    <orientation>vertical</orientation>
                    <control type="grouplist">
                        <orientation>horizontal</orientation>
                        <align>left</align>
                        <height>48</height>
                        <control type="button">
                            <height>48</height>
                            <font>Tiny</font>
                            <align>left</align>
                            <textoffsetx>0</textoffsetx>
                            <width>auto</width>
                            <texturenofocus border="8" colordiffuse="Dark3">common/underline.png</texturenofocus>
                            <textcolor>Dark2</textcolor>
                            <disabledcolor>Dark2</disabledcolor>
                            <label>$LOCALIZE[19030]: $INFO[Weather.Temperature]</label>
                            <enable>false</enable>
                        </control>
                    </control>
                    <control type="label">
                        <height>32</height>
                        <aligny>top</aligny>
                        <align>left</align>
                        <font>Tiny</font>
                        <textcolor>Dark2</textcolor>
                        <label>$INFO[Window(Weather).Property(Current.Condition)]</label>
                    </control>
                    <control type="grouplist">
                        <top>24</top>
                        <orientation>horizontal</orientation>
                        <align>left</align>
                        <height>48</height>
                        <control type="button">
                            <height>48</height>
                            <font>Tiny</font>
                            <align>left</align>
                            <textoffsetx>0</textoffsetx>
                            <width>auto</width>
                            <texturenofocus border="8" colordiffuse="Dark3">common/underline.png</texturenofocus>
                            <textcolor>Dark2</textcolor>
                            <disabledcolor>Dark2</disabledcolor>
                            <label>$LOCALIZE[402]$INFO[Window(Weather).Property(Current.FeelsLike), ,°]</label>
                            <enable>false</enable>
                        </control>
                    </control>
                    <control type="label">
                        <height>32</height>
                        <aligny>top</aligny>
                        <align>left</align>
                        <font>Tiny</font>
                        <textcolor>Dark2</textcolor>
                        <label>$INFO[Window(Weather).Property(Current.Humidity),, [LOWERCASE]$LOCALIZE[406][/LOWERCASE]]</label>
                    </control>
                </control>
                <control type="grouplist">
                    <itemgap>0</itemgap>
                    <width>350</width>
                    <usecontrolcoords>true</usecontrolcoords>
                    <orientation>vertical</orientation>
                    <control type="grouplist">
                        <orientation>horizontal</orientation>
                        <align>left</align>
                        <height>48</height>
                        <control type="button">
                            <height>48</height>
                            <font>Tiny</font>
                            <align>left</align>
                            <textoffsetx>0</textoffsetx>
                            <width>auto</width>
                            <texturenofocus border="8" colordiffuse="Dark3">common/underline.png</texturenofocus>
                            <textcolor>Dark2</textcolor>
                            <disabledcolor>Dark2</disabledcolor>
                            <label>$VAR[Weather_Sunrise]</label>
                            <enable>false</enable>
                        </control>
                    </control>
                    <control type="label">
                        <height>32</height>
                        <aligny>top</aligny>
                        <align>left</align>
                        <font>Tiny</font>
                        <textcolor>Dark2</textcolor>
                        <label>$INFO[Window(Weather).Property(Current.DewPoint),$LOCALIZE[405] ,°]</label>
                    </control>
                    <control type="grouplist">
                        <top>24</top>
                        <orientation>horizontal</orientation>
                        <align>left</align>
                        <height>48</height>
                        <control type="button">
                            <height>48</height>
                            <font>Tiny</font>
                            <align>left</align>
                            <textoffsetx>0</textoffsetx>
                            <width>auto</width>
                            <texturenofocus border="8" colordiffuse="Dark3">common/underline.png</texturenofocus>
                            <textcolor>Dark2</textcolor>
                            <disabledcolor>Dark2</disabledcolor>
                            <label>$VAR[Weather_Sunset]</label>
                            <enable>false</enable>
                        </control>
                    </control>
                    <control type="label">
                        <height>32</height>
                        <aligny>top</aligny>
                        <align>left</align>
                        <font>Tiny</font>
                        <textcolor>Dark2</textcolor>
                        <label>$VAR[Weather_LowTemp,$LOCALIZE[391] ,]$VAR[Weather_HighTemp,  -  $LOCALIZE[393] ,]</label>
                    </control>
                </control>
                <control type="grouplist">
                    <itemgap>0</itemgap>
                    <width>350</width>
                    <usecontrolcoords>true</usecontrolcoords>
                    <orientation>vertical</orientation>
                    <control type="grouplist">
                        <orientation>horizontal</orientation>
                        <align>left</align>
                        <height>48</height>
                        <control type="button">
                            <height>48</height>
                            <font>Tiny</font>
                            <align>left</align>
                            <textoffsetx>0</textoffsetx>
                            <width>auto</width>
                            <texturenofocus border="8" colordiffuse="Dark3">common/underline.png</texturenofocus>
                            <textcolor>Dark2</textcolor>
                            <disabledcolor>Dark2</disabledcolor>
                            <label>$LOCALIZE[383]</label>
                            <enable>false</enable>
                        </control>
                    </control>
                    <control type="label">
                        <height>32</height>
                        <aligny>top</aligny>
                        <align>left</align>
                        <font>Tiny</font>
                        <textcolor>Dark2</textcolor>
                        <label>$INFO[Window(Weather).Property(Current.Wind)]</label>
                    </control>
                    <control type="grouplist">
                        <top>24</top>
                        <orientation>horizontal</orientation>
                        <align>left</align>
                        <height>48</height>
                        <control type="button">
                            <height>48</height>
                            <font>Tiny</font>
                            <align>left</align>
                            <textoffsetx>0</textoffsetx>
                            <width>auto</width>
                            <texturenofocus border="8" colordiffuse="Dark3">common/underline.png</texturenofocus>
                            <textcolor>Dark2</textcolor>
                            <disabledcolor>Dark2</disabledcolor>
                            <label>$VAR[Weather_UVIndex_Label]</label>
                            <enable>false</enable>
                        </control>
                    </control>
                    <control type="label">
                        <height>32</height>
                        <aligny>top</aligny>
                        <align>left</align>
                        <font>Tiny</font>
                        <textcolor>Dark2</textcolor>
                        <label>$VAR[Weather_UVIndex_Info]</label>
                    </control>
                </control>
                <control type="grouplist">
                    <itemgap>0</itemgap>
                    <width>350</width>
                    <usecontrolcoords>true</usecontrolcoords>
                    <orientation>vertical</orientation>
                    <control type="grouplist">
                        <orientation>horizontal</orientation>
                        <align>left</align>
                        <height>48</height>
                        <control type="button">
                            <height>48</height>
                            <font>Tiny</font>
                            <align>left</align>
                            <textoffsetx>0</textoffsetx>
                            <width>auto</width>
                            <texturenofocus border="8" colordiffuse="Dark3">common/underline.png</texturenofocus>
                            <textcolor>Dark2</textcolor>
                            <disabledcolor>Dark2</disabledcolor>
                            <label>$LOCALIZE[37887]</label>
                            <enable>false</enable>
                        </control>
                    </control>
                    <control type="label">
                        <height>32</height>
                        <aligny>top</aligny>
                        <align>left</align>
                        <font>Tiny</font>
                        <textcolor>Dark2</textcolor>
                        <label>$INFO[Weather.location]</label>
                    </control>
                </control>
                <control type="grouplist">
                    <width>422</width>
                    <orientation>vertical</orientation>
                    <usecontrolcoords>true</usecontrolcoords>
                    <animation effect="fade" start="100" end="0" time="400" condition="!ControlGroup(301).HasFocus() + $EXP[HomeIsVerticalMultiWidgets]">Conditional</animation>
                    <itemgap>15</itemgap>
                    <control type="image">
                        <top>0</top>
                        <left>20</left>
                        <height>300</height>
                        <width>300</width>
                        <aspectratio align="center" aligny="center">keep</aspectratio>
                        <texture>$INFO[Skin.String(weather.icons.path),,/]$INFO[Window(weather).Property(Current.FanartCode),,.png]</texture>
                        <visible>!String.IsEmpty(Skin.String(weather.icons.path))</visible>
                    </control>
                    <control type="multiimage">
                        <top>0</top>
                        <left>20</left>
                        <width>300</width>
                        <height>300</height>
                        <timeperimage>50</timeperimage>
                        <aspectratio align="center" aligny="center">keep</aspectratio>
                        <fadetime>10</fadetime>
                        <imagepath>$INFO[Skin.String(weather.icons.path),,/]$INFO[Window(weather).Property(Current.FanartCode)]</imagepath>
                        <visible>!String.IsEmpty(Skin.String(weather.icons.path)) + String.Contains(Skin.String(weather.icons.path),animated)</visible>
                    </control>
                    <control type="image">
                        <top>0</top>
                        <left>20</left>
                        <height>300</height>
                        <width>300</width>
                        <aspectratio align="center" aligny="center">keep</aspectratio>
                        <texture>$INFO[Window(Weather).Property(Day0.OutlookIcon)]</texture>
                        <visible>String.IsEmpty(Skin.String(weather.icons.path))</visible>
                    </control>
                </control>
            </control>
        </control>
    </include>

    <include name="InfoSubWidgetSystemInclude">
        <control type="group">
            <animation effect="slide" start="0" end="0,387" time="0" condition="Integer.IsEqual(Container(301).NumItems,1) + !String.Contains(Container(300).ListItem.Property(widgetFullscreen),yes)">Conditional</animation>
            <include>Animation.Vertical.Widgets.Label</include>
            
            <include content="MultiWidgetsHeaderLabel">
                <param name="label" value="$LOCALIZE[130]" />
                <param name="left" value="4" />
            </include>
            
            <control type="grouplist">
                <top>79</top>
                <left>3</left>
                <width>1500</width>
                <orientation>vertical</orientation>
                <usecontrolcoords>true</usecontrolcoords>
                <itemgap>0</itemgap>
                <control type="label">
                    <font>Tiny</font>
                    <width>100%</width>
                    <height>36</height>
                    <align>left</align>
                    <textcolor>Dark2</textcolor>
                    <label>$INFO[System.ScreenResolution,$LOCALIZE[13287] ,]</label>
                    <visible>!String.IsEmpty(System.ScreenResolution)</visible>
                </control>
                <control type="label">
                    <font>Tiny</font>
                    <width>100%</width>
                    <height>36</height>
                    <align>left</align>
                    <textcolor>Dark2</textcolor>
                    <label>$INFO[System.VideoEncoderInfo,$LOCALIZE[13286] ,]</label>
                    <visible>!String.IsEmpty(System.VideoEncoderInfo)</visible>
                </control>
                <control type="label">
                    <font>Tiny</font>
                    <width>100%</width>
                    <height>36</height>
                    <align>left</align>
                    <textcolor>Dark2</textcolor>
                    <label>$INFO[System.OSVersionInfo,$LOCALIZE[24051] ,]</label>
                    <visible>!String.IsEmpty(System.OSVersionInfo)</visible>
                </control>
                <control type="label">
                    <font>Tiny</font>
                    <width>100%</width>
                    <height>36</height>
                    <align>left</align>
                    <textcolor>Dark2</textcolor>
                    <label/>
                </control>
                <control type="label">
                    <font>Tiny</font>
                    <width>100%</width>
                    <height>36</height>
                    <align>left</align>
                    <textcolor>Dark2</textcolor>
                    <label>$INFO[System.Uptime,$LOCALIZE[12390]: ,]</label>
                    <visible>!String.IsEmpty(System.Uptime)</visible>
                </control>
                <control type="label">
                    <font>Tiny</font>
                    <width>100%</width>
                    <height>36</height>
                    <align>left</align>
                    <textcolor>Dark2</textcolor>
                    <label>$INFO[System.TotalUptime,$LOCALIZE[12394]: ,]</label>
                    <visible>!String.IsEmpty(System.TotalUptime)</visible>
                </control>
                <control type="label">
                    <font>Tiny</font>
                    <width>100%</width>
                    <height>36</height>
                    <align>left</align>
                    <textcolor>Dark2</textcolor>
                    <label/>
                </control>
                <control type="label">
                    <font>Tiny</font>
                    <width>100%</width>
                    <height>36</height>
                    <align>left</align>
                    <textcolor>Dark2</textcolor>
                    <label>$LOCALIZE[37870] v$INFO[System.AddonVersion(skin.arctic.zephyr.mod)]</label>
                </control>
            </control>
        </control>
    </include>
</includes>