<?xml version="1.0" encoding="UTF-8"?>
<!-- Foundation -->
<includes>

    <include name="DoubleView511Banner">
        <control type="panel" id="512">
            <animation effect="slide" start="0,0" end="675,0" time="200" condition="Skin.HasSetting(flip512rightleft)">Conditional</animation>
            <!--<oninfo condition="ListItem.IsCollection">ActivateWindow(1132)</oninfo>-->
            <visible>substring(Container.FolderPath,plugin://plugin.program.advanced.launcher/,left) | Container.Content(musicvideos) | Container.Content(movies) | Container.Content(tvshows) | Container.Content(seasons) | Container.Content(sets)</visible>
            <include content="forced_view" condition="Skin.HasSetting(enable.forcedviews)">
                <param name="string" value="$LOCALIZE[37619]" />
            </include>
            <top>305</top>
            <left>70</left>
            <width>1122</width>
            <height>568</height>
            <onleft condition="!Skin.HasSetting(global.kioskmode)">9000</onleft>
            <onright>1691</onright>
            <orientation>vertical</orientation>
            <preloaditems>2</preloaditems>
            <pagecontrol>1691</pagecontrol>
            <viewtype label="37619">list</viewtype>
            <scrolltime tween="quadratic">400</scrolltime>
            <itemlayout height="282" width="184">
                <control type="image">
                    <left>2</left>
                    <top>0</top>
                    <right>0</right>
                    <bottom>10</bottom>
                    <texture border="10">common/$VAR[nofocus-shadow10]</texture>
                </control>
                <control type="image">
                    <left>12</left>
                    <top>10</top>
                    <right>10</right>
                    <bottom>20</bottom>
                    <texture colordiffuse="Fallback" border="4" background="true">common/box.png</texture>
                </control>
                <control type="image">
                    <left>11</left>
                    <top>9</top>
                    <right>9</right>
                    <bottom>19</bottom>
                    <texture colordiffuse="Box2" border="4" background="true">common/box21.png</texture>
                    <visible>!Skin.HasSetting(thumbnails.white)</visible>
                </control>
                <control type="image">
                    <left>12</left>
                    <top>10</top>
                    <right>10</right>
                    <bottom>20</bottom>
                    <aspectratio scalediffuse="false">scale</aspectratio>
                    <texture diffuse="diffuse/wall.png" background="true">$VAR[PosterImage]</texture>
                    <visible>true</visible><!--default_true-->
                </control>
                <control type="image">
                    <left>12</left>
                    <top>10</top>
                    <right>10</right>
                    <bottom>20</bottom>
                    <aspectratio scalediffuse="false">keep</aspectratio>
                    <texture diffuse="diffuse/wall.png" background="true">$INFO[ListItem.Icon]</texture>
                    <visible>false</visible><!--default_false-->  
                </control>
                <control type="label">
                    <align>center</align>
                    <aligny>center</aligny>
                    <width>50</width>
                    <right>7</right>
                    <top>6</top>
                    <height>50</height>
                    <textcolor>$VAR[WatchedBackingColor]</textcolor>
                    <font>SymbolPosterBackground</font>
                    <label>$VAR[WatchedBacking]</label>
                    <visible>!String.IsEqual(ListItem.Label,..)</visible>
                </control>
                <control type="label">
                    <align>center</align>
                    <aligny>center</aligny>
                    <width>50</width>
                    <right>7</right>
                    <top>6</top>
                    <height>50</height>
                    <textcolor>$VAR[WatchedLabelPosterColor]</textcolor>
                    <font>SymbolPoster</font>
                    <label>$VAR[WatchedLabelPoster]</label>
                    <visible>!String.IsEqual(ListItem.Label,..)</visible>
                </control>
            </itemlayout>
            <focusedlayout height="282" width="184">
                <control type="image">
                    <left>2</left>
                    <top>0</top>
                    <right>0</right>
                    <bottom>10</bottom>
                    <texture border="10">common/$VAR[nofocus-shadow10]</texture>
                </control>
                <control type="image">
                    <left>12</left>
                    <top>10</top>
                    <right>10</right>
                    <bottom>20</bottom>
                    <texture colordiffuse="Fallback" border="4" background="true">common/box.png</texture>
                </control>
                <control type="image">
                    <left>11</left>
                    <top>9</top>
                    <right>9</right>
                    <bottom>19</bottom>
                    <texture colordiffuse="Box2" border="4" background="true">common/box21.png</texture>
                    <visible>!Skin.HasSetting(thumbnails.white)</visible>
                </control>
                <control type="image">
                    <left>12</left>
                    <top>10</top>
                    <right>10</right>
                    <bottom>20</bottom>
                    <aspectratio scalediffuse="false">scale</aspectratio>
                    <texture diffuse="diffuse/wall.png" background="true">$VAR[PosterImage]</texture>
                    <visible>true</visible><!--default_true-->
                </control>
                <control type="image">
                    <left>12</left>
                    <top>10</top>
                    <right>10</right>
                    <bottom>20</bottom>
                    <aspectratio scalediffuse="false">keep</aspectratio>
                    <texture diffuse="diffuse/wall.png" background="true">$INFO[ListItem.Icon]</texture>
                    <visible>false</visible><!--default_false-->  
                </control>
                <control type="label">
                    <align>center</align>
                    <aligny>center</aligny>
                    <width>50</width>
                    <right>7</right>
                    <top>6</top>
                    <height>50</height>
                    <textcolor>$VAR[WatchedBackingColor]</textcolor>
                    <font>SymbolPosterBackground</font>
                    <label>$VAR[WatchedBacking]</label>
                    <visible>!String.IsEqual(ListItem.Label,..)</visible>
                </control>
                <control type="label">
                    <align>center</align>
                    <aligny>center</aligny>
                    <width>50</width>
                    <right>7</right>
                    <top>6</top>
                    <height>50</height>
                    <textcolor>$VAR[WatchedLabelPosterColor]</textcolor>
                    <font>SymbolPoster</font>
                    <label>$VAR[WatchedLabelPoster]</label>
                    <visible>!String.IsEqual(ListItem.Label,..)</visible>
                </control>
                <control type="image">
                    <include>Animation.SelectBoxHome</include>
                    <left>5</left>
                    <top>3</top>
                    <right>3</right>
                    <bottom>13</bottom>
                    <texture border="20" colordiffuse="$VAR[ColorSquares]">common/selectbox.png</texture>
                </control>
                <control type="image">
                    <include>Animation.SelectBoxHome</include>
                    <left>5</left>
                    <top>3</top>
                    <right>3</right>
                    <bottom>13</bottom>
                    <texture border="20" colordiffuse="$VAR[ColorHighlightSelectbox2]">common/gradient-selectbox.png</texture>
                </control>
            </focusedlayout>
        </control>
    </include>

    <include name="ListView511Banner">
        <control type="list" id="512">
            <animation effect="slide" start="0,0" end="690,0" time="200" condition="Skin.HasSetting(flip512rightleft)">Conditional</animation>
            <!--<oninfo condition="ListItem.IsCollection">ActivateWindow(1132)</oninfo>-->
            <visible>substring(Container.FolderPath,plugin://plugin.program.advanced.launcher/,left) | Container.Content(musicvideos) | Container.Content(movies) | Container.Content(tvshows) | Container.Content(episodes) | Container.Content(seasons) | Container.Content(sets)</visible>
            <include content="forced_view" condition="Skin.HasSetting(enable.forcedviews)">
                <param name="string" value="$LOCALIZE[37619]" />
            </include>
            <top>314</top>
            <left>80</left>
            <width>1092</width>
            <height>548</height>
            <onleft condition="!Skin.HasSetting(global.kioskmode)">9000</onleft>
            <onright>1691</onright>
            <orientation>vertical</orientation>
            <preloaditems>2</preloaditems>
            <pagecontrol>1691</pagecontrol>
            <viewtype label="37619">list</viewtype>
            <scrolltime tween="quadratic">400</scrolltime>
            <itemlayout condition="!Skin.HasSetting(511ListInfo)" width="1070" height="67">
                <include>56itemlayout</include>
            </itemlayout>
            <focusedlayout condition="!Skin.HasSetting(511ListInfo)" width="1070" height="67">
                <control type="group">
                    <include>56focuslayout</include>
                </control>
            </focusedlayout>
            <itemlayout condition="Skin.HasSetting(511ListInfo)" width="1070" height="90">
                <include>56itemlayout_info</include>
            </itemlayout>
            <focusedlayout condition="Skin.HasSetting(511ListInfo)" width="1070" height="90">
                <control type="group">
                    <include>56focuslayout_info</include>
                </control>
            </focusedlayout>
        </control>
    </include>

    <include name="View_511_Double_Banner">
        <description>List View (id=512)</description>
        <control type="group">^
            <include>Animation.Common</include>
            <!--<include>JumpBarHorizontal</include>-->
            <include>ViewSlideForJumpBar</include>
            <visible>Control.IsVisible(512)</visible>
            <control type="group">
                <include>Animation.ViHi2</include>
                <width>1920</width>
                <left>0</left>
                <top>-90</top>
                <animation effect="slide" start="0,0" end="0,-20" time="200" condition="Skin.HasSetting(ShowClearart511)">Conditional</animation>
                <control type="image" description="clearlogo">
                    <visible>Skin.HasSetting(ShowClearart511) + !String.IsEmpty(ListItem.Art(clearlogo))</visible>
                    <top>-530</top>
                    <width>275</width>
                    <left>825</left>
                    <aspectratio scalediffuse="true" align="center">keep</aspectratio>
                    <texture background="true">$INFO[ListItem.Art(clearlogo)]</texture>
                    <include>Animation.ViHi2</include>
                    <fadetime>100</fadetime>
                </control>
                <control type="label">
                    <visible>!Skin.HasSetting(ShowClearart511) | [Skin.HasSetting(ShowClearart511) + String.IsEmpty(ListItem.Art(clearlogo))]</visible>
                    <top>280</top>
                    <align>center</align>
                    <description>Header Label</description>
                    <textcolor>Dark1</textcolor>
                    <font>SmallBold</font>
                    <label fallback="19055">$INFO[ListItem.Title]</label>
                    <include>Animation.ViHi2</include>
                </control>
                <control type="label">
                    <animation effect="slide" start="0,0" end="0,30" time="200" condition="Skin.HasSetting(ShowClearart511)">Conditional</animation>
                    <align>center</align>
                    <visible>!String.IsEqual(ListItem.Label,..)</visible>
                    <top>335</top>
                    <height>36</height>
                    <font>Tiny</font>
                    <textcolor>Dark1</textcolor>
                    <label>$VAR[509_Row_3]</label>
                </control>
            </control>
            <control type="group">
                <animation effect="slide" start="0,0" end="-1096,0" time="200" condition="Skin.HasSetting(flip512rightleft)">Conditional</animation>
                <width>638</width>
                <height>545</height>
                <top>301</top>
                <right>104</right>
                <control type="group">
                    <animation effect="slide" start="0,0" end="0,153" time="200" condition="Skin.HasSetting(Flip512)">Conditional</animation>
                    <animation effect="slide" start="0,0" end="0,4" time="200" condition="Skin.HasSetting(511ListInfo) + Skin.HasSetting(Flip512) + Skin.HasSetting(ListView511)">Conditional</animation>
                    <control type="image">
                        <left>-10</left>
                        <top>6</top>
                        <width>681</width>
                        <height>399</height>
                        <texture border="10">common/$VAR[nofocus-shadow10]</texture>
                    </control>
                    <control type="image">
                        <width>662</width>
                        <height>381</height>
                        <top>14</top>
                        <texture colordiffuse="Fallback" border="4" background="true">common/diffuse_box.png</texture>
                    </control>                    
                    <control type="image">
                        <width>662</width>
                        <height>381</height>
                        <top>14</top>
                        <fadetime>PosterFanartFadetime</fadetime>
                        <aspectratio aligny="center" align="center" scalediffuse="false">scale</aspectratio>
                        <texture diffuse="diffuse/diffuse_box.png" border="4" background="true">$VAR[FanartImageFanart]</texture>
                        <visible>true</visible><!--default_true-->
                    </control>
                    <control type="image">
                        <width>662</width>
                        <height>381</height>
                        <top>14</top>
                        <fadetime>PosterFanartFadetime</fadetime>
                        <aspectratio aligny="center" align="center" scalediffuse="false">keep</aspectratio>
                        <texture background="true">$INFO[ListItem.Icon]</texture>
                        <visible>false</visible><!--default_false-->  
                    </control>
                    <control type="image">
                        <left>-1</left>
                        <top>13</top>
                        <width>664</width>
                        <height>383</height>
                        <texture colordiffuse="Box2" border="4" background="true">common/box21.png</texture>
                        <visible>!Skin.HasSetting(thumbnails.white)</visible>
                    </control>
                </control>
                <control type="group">
                    <animation effect="slide" start="0,0" end="0,4" time="200" condition="Skin.HasSetting(511ListInfo) + !Skin.HasSetting(Flip512) + Skin.HasSetting(ListView511)">Conditional</animation>
                    <animation effect="slide" start="0,0" end="0,-408" time="200" condition="Skin.HasSetting(Flip512)">Conditional</animation>
                    <control type="image">
                        <left>-10</left>
                        <top>414</top>
                        <width>681</width>
                        <height>143</height>
                        <texture border="10">common/$VAR[nofocus-shadow10]</texture>
                    </control>
                    <control type="image">
                        <width>662</width>
                        <height>125</height>
                        <top>422</top>
                        <texture colordiffuse="Fallback" border="4" background="true">common/box.png</texture>
                    </control>
                    <control type="image">
                        <left>-1</left>
                        <top>421</top>
                        <width>664</width>
                        <height>127</height>
                        <texture colordiffuse="Box2" border="4" background="true">common/box21.png</texture>
                        <visible>!Skin.HasSetting(thumbnails.white)</visible>
                    </control>
                    <control type="image">
                        <width>662</width>
                        <height>125</height>
                        <top>422</top>
                        <fadetime>PosterFanartFadetime</fadetime>
                        <aspectratio aligny="center" align="center" scalediffuse="false">scale</aspectratio>
                        <texture diffuse="diffuse/pvrinfo.png" background="true">$VAR[BannerImage]</texture>
                        <visible>true</visible><!--default_true-->
                    </control>
                    <control type="image">
                        <width>662</width>
                        <height>125</height>
                        <top>422</top>
                        <fadetime>PosterFanartFadetime</fadetime>
                        <aspectratio aligny="center" align="center" scalediffuse="false">keep</aspectratio>
                        <texture diffuse="diffuse/pvrinfo.png" background="true">$INFO[ListItem.Icon]</texture>
                        <visible>false</visible><!--default_false-->  
                    </control>
                </control>
            </control>
            <include condition="Skin.HasSetting(ListView511)">ListView511Banner</include>
            <include condition="!Skin.HasSetting(ListView511)">DoubleView511Banner</include>
            <control type="scrollbar" id="1691">
                <include content="scrollbar_vertical">
                    <param name="scrollid" value="1691"/>
                </include>
            </control>
        </control>
    </include>
</includes>
