<?xml version="1.0" encoding="UTF-8"?>
<!-- Foundation -->
<window id="101">
    <onunload condition="!Skin.HasSetting(startup.init)">Skin.SetBool(osd.usetheme)</onunload>
    <onunload condition="!Skin.HasSetting(startup.init)">Skin.SetBool(global.hidecirles)</onunload>
    <onunload condition="!Skin.HasSetting(startup.init)">Skin.SetBool(home.classicwidgets)</onunload>
    <onunload condition="!Skin.HasSetting(startup.init)">Skin.SetBool(startup.init)</onunload>
    <controls>
        <include>GlobalOverlay</include>
        <control type="group">
            <!--<include condition="Skin.HasSetting(olddialogbuttons)">DefDialogOK</include>-->
            <include>DefDialogOK</include>
            <control type="grouplist">
                <posy>310</posy>
                <height>66</height>
                <width>100%</width>
                <align>center</align>
                <orientation>horizontal</orientation>
                <itemgap>30</itemgap>
                <include>DialogConformButtons</include>
                <!--<include condition="Skin.HasSetting(olddialogbuttons)">DialogConformButtons</include>-->
            </control>
            <control type="progress" id="20">
                <description>Progressbar</description>
                <left>15</left>
                <right>15</right>
                <posy>260</posy>
                <height>27</height>
                <info>System.Progressbar</info>
                <texturebg colordiffuse="Black12">osd/progress-bg.png</texturebg>
                <!--<animation effect="slide" start="0,0" end="0,-30" time="0" condition="!Skin.HasSetting(olddialogbuttons)">Conditional</animation>-->
            </control>
        </control>
    </controls>
</window>
