<?xml version="1.0" encoding="UTF-8"?>
<!-- Foundation -->
<window id="2006">
    <defaultcontrol always="true">-</defaultcontrol>
    <onunload>ClearProperty(SetUserRating,home)</onunload>
    <onunload>ClearProperty(SetUserRating2,home)</onunload>
    <onload condition="Skin.HasSetting(osd.alwaysshowmusicosd)">ActivateWindow(musicosd)</onload>
    <!--<onload condition="Skin.HasSetting(osd.lyrics)">RunScript(script.cu.lrclyrics)</onload>-->
    <onload>RunScript(script.artistslideshow)</onload>
    <controls>
        <control type="visualisation" id="2">
            <visible>Skin.HasSetting(OSDVisualisation.ShowFanart) | [!Skin.HasSetting(musicvis.fanartfallback) + [!System.HasAddon(script.artistslideshow) | Skin.HasSetting(ArtistSlideShow.Disabled)]]</visible>
            <description>visualisation</description>
            <include>Dimensions_Fullscreen</include>
        </control>
        <control type="image">
            <aspectratio>scale</aspectratio>
            <include>Dimensions_Fullscreen</include>
            <texture background="true">$INFO[Player.Art(fanart)]</texture>
            <visible>!System.HasAddon(script.artistslideshow) | Skin.HasSetting(ArtistSlideShow.Disabled)</visible>
            <visible>Skin.HasSetting(musicvis.fanartfallback)</visible>
            <animation effect="fade" start="100" end="65" time="0" condition="Skin.HasSetting(OSDVisualisation.ShowFanart)">Conditional</animation>
            <animation effect="zoom" start="110" end="130" center="auto" time="10000" tween="sine" easing="inout" pulse="true" condition="Skin.HasSetting(ArtistSlideshow.Animate)">Conditional</animation>
            <animation effect="slide" start="-30,-30" end="30,30" time="6000" tween="sine" easing="inout" pulse="true" condition="Skin.HasSetting(ArtistSlideshow.Animate)">Conditional</animation>
        </control>
        <control type="multiimage">

            <!-- AS 3 -->
            <aspectratio>scale</aspectratio>
            <include>Dimensions_Fullscreen</include>
            <fadetime>600</fadetime>
            <imagepath background="true">$INFO[Window(Visualisation).Property(ArtistSlideshow.Image)]</imagepath>
            <visible>System.HasAddon(script.artistslideshow) + !Skin.HasSetting(ArtistSlideShow.Disabled)</visible>
            <animation effect="fade" start="100" end="75" time="0" condition="Skin.HasSetting(OSDVisualisation.ShowFanart)">Conditional</animation>
            <animation effect="zoom" start="110" end="130" center="auto" time="10000" tween="sine" easing="inout" pulse="true" condition="Skin.HasSetting(ArtistSlideshow.Animate)">Conditional</animation>
            <animation effect="slide" start="-30,-30" end="30,30" time="6000" tween="sine" easing="inout" pulse="true" condition="Skin.HasSetting(ArtistSlideshow.Animate)">Conditional</animation>
        </control>
        <control type="group">
            <top>350</top>
            <visible>!Skin.HasSetting(HideMusicScrollingText)</visible>
            <visible>!Window.IsVisible(script-cu-lrclyrics-main.xml)</visible>
            <animation effect="fade" start="0" end="100" time="950" delay="500" tween="cubic" easing="inout">Visible</animation>
            <animation effect="fade" start="0" end="100" time="950" tween="cubic" easing="inout">WindowOpen</animation>
            <animation effect="fade" end="0" start="600" time="350">Hidden</animation>
            <animation effect="fade" end="0" start="100" time="300">WindowClose</animation>
            <visible>Integer.IsGreater(MusicPlayer.Time,0)</visible>
            <control type="label">
                <description>Now Playing</description>
                <left>0</left>
                <top>100</top>
                <right>0</right>
                <label>$INFO[MusicPlayer.Title,  ,]$INFO[MusicPlayer.Title,  ,]$INFO[MusicPlayer.Title,  ,]$INFO[MusicPlayer.Title,  ,]$INFO[MusicPlayer.Title,  ,]$INFO[MusicPlayer.Title,  ,]$INFO[MusicPlayer.Title,  ,]$INFO[MusicPlayer.Title,  ,]$INFO[MusicPlayer.Title,  ,]$INFO[MusicPlayer.Title,  ,]$INFO[MusicPlayer.Title,  ,]$INFO[MusicPlayer.Title,  ,]$INFO[MusicPlayer.Title,  ,]$INFO[MusicPlayer.Title,  ,]$INFO[MusicPlayer.Title,  ,]$INFO[MusicPlayer.Title,  ,]$INFO[MusicPlayer.Title,  ,]$INFO[MusicPlayer.Title,  ,]$INFO[MusicPlayer.Title,  ,]$INFO[MusicPlayer.Title,  ,]$INFO[MusicPlayer.Title,  ,]$INFO[MusicPlayer.Title,  ,]$INFO[MusicPlayer.Title,  ,]$INFO[MusicPlayer.Title,  ,]$INFO[MusicPlayer.Title,  ,]</label>
                <scroll>true</scroll>
                <font>Music_Biggest</font>
                <textcolor>77ffffff</textcolor>
                <align>left</align>
                <scrollspeed>55</scrollspeed>
            </control>
            <control type="label">
                <description>Now Playing</description>
                <left>0</left>
                <top>130</top>
                <right>0</right>
                <label>$INFO[MusicPlayer.Album,  ,]$INFO[MusicPlayer.Album,  ,]$INFO[MusicPlayer.Album,  ,]$INFO[MusicPlayer.Album,  ,]$INFO[MusicPlayer.Album, ,]$INFO[MusicPlayer.Album,  ,]$INFO[MusicPlayer.Album,  ,]$INFO[MusicPlayer.Album,  ,]$INFO[MusicPlayer.Album,  ,]$INFO[MusicPlayer.Album,  ,]$INFO[MusicPlayer.Album,  ,]$INFO[MusicPlayer.Album,  ,]$INFO[MusicPlayer.Album,  ,]$INFO[MusicPlayer.Album,  ,]$INFO[MusicPlayer.Album,  ,]$INFO[MusicPlayer.Album,  ,]$INFO[MusicPlayer.Album,  ,]$INFO[MusicPlayer.Album,  ,]$INFO[MusicPlayer.Album,  ,]$INFO[MusicPlayer.Album,  ,]$INFO[MusicPlayer.Album,  ,]$INFO[MusicPlayer.Album,  ,]$INFO[MusicPlayer.Album,  ,]$INFO[MusicPlayer.Album,  ,]$INFO[MusicPlayer.Album,  ,]</label>
                <scroll>true</scroll>
                <font>Music_Bigger</font>
                <textcolor>44cccccc</textcolor>
                <align>left</align>
                <scrollspeed>100</scrollspeed>
            </control>
            <control type="label">
                <description>Now Playing</description>
                <left>0</left>
                <top>210</top>
                <right>0</right>
                <label>$INFO[MusicPlayer.Artist,  ,]$INFO[MusicPlayer.Artist,  ,]$INFO[MusicPlayer.Artist,  ,]$INFO[MusicPlayer.Artist,  ,]$INFO[MusicPlayer.Artist,  ,]$INFO[MusicPlayer.Artist,  ,]$INFO[MusicPlayer.Artist,  ,]$INFO[MusicPlayer.Artist,  ,]$INFO[MusicPlayer.Artist,  ,]$INFO[MusicPlayer.Artist,  ,]$INFO[MusicPlayer.Artist,  ,]$INFO[MusicPlayer.Artist,  ,]$INFO[MusicPlayer.Artist,  ,]$INFO[MusicPlayer.Artist,  ,]$INFO[MusicPlayer.Artist,  ,]$INFO[MusicPlayer.Artist,  ,]$INFO[MusicPlayer.Artist,  ,]$INFO[MusicPlayer.Artist,  ,]$INFO[MusicPlayer.Artist,  ,]$INFO[MusicPlayer.Artist,  ,]$INFO[MusicPlayer.Artist,  ,]$INFO[MusicPlayer.Artist,  ,]$INFO[MusicPlayer.Artist,  ,]$INFO[MusicPlayer.Artist,  ,]$INFO[MusicPlayer.Artist,  ,]</label>
                <scroll>true</scroll>
                <font>Music_Big</font>
                <textcolor>99cccccc</textcolor>
                <align>left</align>
                <scrollspeed>80</scrollspeed>
                <visible>!Pvr.IsPlayingRadio</visible>
            </control>
            <control type="label">
                <description>Now Playing</description>
                <left>0</left>
                <top>210</top>
                <right>0</right>
                <label>$INFO[Window(Home).Property(SkinHelper.Player.Album),  ,]$INFO[Window(Home).Property(SkinHelper.Player.Album),  ,]$INFO[Window(Home).Property(SkinHelper.Player.Album),  ,]$INFO[Window(Home).Property(SkinHelper.Player.Album),  ,]$INFO[Window(Home).Property(SkinHelper.Player.Album),  ,]$INFO[Window(Home).Property(SkinHelper.Player.Album),  ,]$INFO[Window(Home).Property(SkinHelper.Player.Album),  ,]$INFO[Window(Home).Property(SkinHelper.Player.Album),  ,]$INFO[Window(Home).Property(SkinHelper.Player.Album),  ,]$INFO[Window(Home).Property(SkinHelper.Player.Album),  ,]$INFO[Window(Home).Property(SkinHelper.Player.Album),  ,]$INFO[Window(Home).Property(SkinHelper.Player.Album),  ,]$INFO[Window(Home).Property(SkinHelper.Player.Album),  ,]$INFO[Window(Home).Property(SkinHelper.Player.Album),  ,]$INFO[Window(Home).Property(SkinHelper.Player.Album),  ,]$INFO[Window(Home).Property(SkinHelper.Player.Album),  ,]$INFO[Window(Home).Property(SkinHelper.Player.Album),  ,]$INFO[Window(Home).Property(SkinHelper.Player.Album),  ,]$INFO[Window(Home).Property(SkinHelper.Player.Album),  ,]$INFO[Window(Home).Property(SkinHelper.Player.Album),  ,]$INFO[Window(Home).Property(SkinHelper.Player.Album),  ,]$INFO[Window(Home).Property(SkinHelper.Player.Album),  ,]$INFO[Window(Home).Property(SkinHelper.Player.Album),  ,]$INFO[Window(Home).Property(SkinHelper.Player.Album),  ,]$INFO[Window(Home).Property(SkinHelper.Player.Album),  ,]</label>
                <scroll>true</scroll>
                <font>Music_Big</font>
                <textcolor>99cccccc</textcolor>
                <align>left</align>
                <scrollspeed>80</scrollspeed>
                <visible>Player.IsInternetStream</visible>
            </control>
            <control type="label">
                <description>Now Playing</description>
                <left>0</left>
                <top>210</top>
                <right>0</right>
                <label>$INFO[VideoPlayer.ChannelName,  ,]$INFO[VideoPlayer.ChannelName,  ,]$INFO[VideoPlayer.ChannelName,  ,]$INFO[VideoPlayer.ChannelName,  ,]$INFO[VideoPlayer.ChannelName,  ,]$INFO[VideoPlayer.ChannelName,  ,]$INFO[VideoPlayer.ChannelName,  ,]$INFO[VideoPlayer.ChannelName,  ,]$INFO[VideoPlayer.ChannelName,  ,]$INFO[VideoPlayer.ChannelName,  ,]$INFO[VideoPlayer.ChannelName,  ,]$INFO[VideoPlayer.ChannelName,  ,]$INFO[VideoPlayer.ChannelName,  ,]$INFO[VideoPlayer.ChannelName,  ,]$INFO[VideoPlayer.ChannelName,  ,]$INFO[VideoPlayer.ChannelName,  ,]$INFO[VideoPlayer.ChannelName,  ,]$INFO[VideoPlayer.ChannelName,  ,]$INFO[VideoPlayer.ChannelName,  ,]$INFO[VideoPlayer.ChannelName,  ,]$INFO[VideoPlayer.ChannelName,  ,]$INFO[VideoPlayer.ChannelName,  ,]$INFO[VideoPlayer.ChannelName,  ,]$INFO[VideoPlayer.ChannelName,  ,]$INFO[VideoPlayer.ChannelName,  ,]</label>
                <scroll>true</scroll>
                <font>Music_Big</font>
                <textcolor>99cccccc</textcolor>
                <align>left</align>
                <scrollspeed>80</scrollspeed>
                <visible>Pvr.IsPlayingRadio</visible>
            </control>
        </control>
        <control type="image">
            <top>970</top>
            <height>130</height>
            <width>100%</width>
            <texture>common/white.png</texture>
            <colordiffuse>$VAR[OSDPanel]</colordiffuse>
            <animation effect="fade" start="100" end="90" condition="Skin.HasSetting(osd.usetheme)">Conditional</animation>
            <visible>Window.IsVisible(script-cu-lrclyrics-main.xml) + !Window.IsVisible(musicosd)</visible>
            <visible>Window.IsVisible(script-cu-lrclyrics-main.xml) + !Skin.HasSetting(hideseekbaronlyrics)</visible>
            <visible>!Skin.HasSetting(osd.usethemeNewOSDMusic)</visible>
            <animation effect="slide" end="0,110" start="0" time="150" tween="quadratic">Hidden</animation>
            <animation effect="slide" start="0,110" end="0" time="150" tween="quadratic">Visible</animation>
        </control>
        <control type="image">
            <height>100%</height>
            <width>100%</width>
            <texture>common/white.png</texture>
            <colordiffuse>$VAR[OSDPanel]</colordiffuse>
            <animation effect="fade" start="100" end="60" condition="Skin.HasSetting(osd.usetheme)">Conditional</animation>
            <visible>Window.IsVisible(script-cu-lrclyrics-main.xml)</visible>
            <visible>!Skin.HasSetting(osd.morecontrast)</visible>
        </control>
        <control type="group">
            <visible>!Window.IsVisible(musicosd)</visible>
            <visible>Window.IsVisible(script-cu-lrclyrics-main.xml) | Player.Seeking | Player.DisplayAfterSeek | Player.Paused | Player.Forwarding | Player.Rewinding | Player.ShowInfo</visible>
            <animation effect="slide" start="0,110" end="0" time="150" tween="quadratic">Visible</animation>
            <animation effect="slide" start="0,110" end="0" time="150" tween="quadratic">WindowOpen</animation>
            <animation effect="slide" end="0,160" start="0" time="150" tween="quadratic">Hidden</animation>
            <animation effect="slide" end="0,120" start="0" time="150" tween="quadratic" condition="Window.IsVisible(script-cu-lrclyrics-main.xml) + Skin.HasSetting(hideseekbaronlyrics) + !Skin.HasSetting(osd.usethemeNewOSDMusic)">Conditional</animation>
            <animation effect="slide" end="0,280" start="0" time="150" tween="quadratic" condition="Window.IsVisible(script-cu-lrclyrics-main.xml) + Skin.HasSetting(hideseekbaronlyrics) + Skin.HasSetting(osd.usethemeNewOSDMusic)">Conditional</animation>
            <animation effect="slide" end="0,160" start="0" time="150" tween="quadratic">WindowClose</animation>
            <animation effect="slide" start="0,0" end="0,-10" time="150" condition="Skin.HasSetting(osd.usethemeNewOSDMusic)">Conditional</animation>
            <control type="image">
                <top>111r</top>
                <width>100%</width>
                <height>1</height>
                <texture colordiffuse="BoxHomerow">common/sch2.png</texture>
                <include>Animation.FadeOut</include>
                <visible>!Skin.HasSetting(thumbnails.white) + !Skin.HasSetting(osd.usethemeNewOSDMusic)</visible>
            </control>
            <control type="image">
                <top>110r</top>
                <width>100%</width>
                <height>374</height>
                <texture>common/white.png</texture>
                <colordiffuse>$VAR[OSDPanel]</colordiffuse>
                <animation effect="fade" start="100" end="90" condition="Skin.HasSetting(osd.usetheme)">Conditional</animation>
                <visible>!Window.IsVisible(script-cu-lrclyrics-main.xml) + !Skin.HasSetting(osd.usethemeNewOSDMusic)</visible>
            </control>
            <control type="image" description="FanartOverlay">
                <width>100%</width>
                <height>360</height>
                <bottom>-157</bottom>
                <aspectratio aligny="bottom">scale</aspectratio>
                <texture>backg/homemenu_overlay.png</texture>
                <animation effect="fade" start="0" end="5" time="1" condition="true">Conditional</animation>
                <include>Animation.FadeOut</include>
                <visible>!Skin.HasSetting(osd.usethemeNewOSDMusic)</visible>
            </control>
            <control type="image">
                <top>830r</top>
                <width>100%</width>
                <height>870</height>
                <texture>common/fsinfoscreen.png</texture>
                <animation effect="fade" start="100" end="90" condition="Skin.HasSetting(osd.usetheme)">Conditional</animation>
                <visible>!Window.IsVisible(script-cu-lrclyrics-main.xml) + Skin.HasSetting(osd.usethemeNewOSDMusic)</visible>
                <visible>!Window.IsVisible(musicosd)</visible>
                <visible>Window.IsVisible(script-cu-lrclyrics-main.xml) | Player.Seeking | Player.DisplayAfterSeek | Player.Paused | Player.Forwarding | Player.Rewinding | Player.ShowInfo</visible>
                <include>Animation.FadeIn</include>
                <include>Animation.FadeOut</include>
            </control>
            <control type="image">
                <top>830r</top>
                <width>100%</width>
                <height>870</height>
                <texture>common/fsinfoscreen.png</texture>
                <animation effect="fade" start="100" end="40" condition="true">Conditional</animation>
                <animation effect="fade" start="100" end="90" condition="Skin.HasSetting(osd.usetheme)">Conditional</animation>
                <visible>!Window.IsVisible(script-cu-lrclyrics-main.xml) + Skin.HasSetting(osd.usethemeNewOSDMusic)</visible>
                <visible>!Window.IsVisible(musicosd)</visible>
                <visible>Window.IsVisible(script-cu-lrclyrics-main.xml) | Player.Seeking | Player.DisplayAfterSeek | Player.Paused | Player.Forwarding | Player.Rewinding | Player.ShowInfo</visible>
                <include>Animation.FadeIn</include>
                <include>Animation.FadeOut</include>
            </control>
            <control type="label" description="Duration Total Time">
                <animation effect="slide" start="0,0" end="0,-50" time="150" condition="Skin.HasSetting(osd.usethemeNewOSDMusic)">Conditional</animation>
                <animation effect="slide" start="0,0" end="-50," time="0" condition="Skin.HasSetting(osd.usethemeNewOSDMusic)">Conditional</animation>
                <visible>Skin.HasSetting(osd.usethemeNewOSDMusic)</visible>
                <include>Animation.FadeIn</include>
                <include>Animation.FadeOut</include>
                <right>80</right>
                <bottom>38</bottom>
                <width>300</width>
                <height>64</height>
                <align>right</align>
                <width>400</width>
                <bottom>13</bottom>
                <height>40</height>
                <font>Tiny</font>
                <textcolor>$VAR[OSDPanelWhite70]</textcolor>
                <label>$INFO[Player.Time]$INFO[Player.Duration,  /  ,]</label>
            </control>
            <control type="image">
                <visible>Skin.HasSetting(ShowClearArtMusicOSD)</visible>
                <visible>!Window.IsVisible(musicosd)</visible>
                <visible>Player.Seeking | Player.DisplayAfterSeek | Player.Paused | Player.Forwarding | Player.Rewinding | Player.ShowInfo</visible>
                <right>80</right>
                <bottom>110</bottom>
                <width>500</width>
                <height>281</height>
                <fadetime>400</fadetime>
                <texture>$VAR[MusicPlayerArt]</texture>
                <aspectratio align="right" aligny="bottom">keep</aspectratio>
                <include>Animation.FadeIn</include>
                <include>Animation.FadeOut</include>
                <animation effect="fade" start="100" end="0" time="150" condition="Window.IsVisible(script-cu-lrclyrics-main.xml) + Skin.HasSetting(hideseekbaronlyrics)">Conditional</animation>
                <!--<animation effect="fade" start="100" end="0" time="0" condition="Skin.HasSetting(osd.artistinfos) + !Skin.HasSetting(osd.usethemeNewOSDMusic)">Conditional</animation>-->
                <animation effect="slide" start="0" end="-50,-105" time="150" condition="Skin.HasSetting(osd.usethemeNewOSDMusic)">Conditional</animation>
                <animation effect="slide" start="0,0" end="0,-70" time="150" condition="Skin.HasSetting(osd.artistinfos)">Conditional</animation>
                <animation effect="slide" start="0,0" end="0,-264" time="150" condition="Skin.HasSetting(osd.artistinfos) + !Skin.HasSetting(osd.usethemeNewOSDMusic)">Conditional</animation>
                <animation effect="slide" start="0,335" end="0,0" time="100" reversible="false" condition="Player.ShowInfo + !Skin.HasSetting(osd.usethemeNewOSDMusic) + Skin.HasSetting(osd.artistinfos)">Conditional</animation>
                <animation effect="slide" end="0,335" start="0,0" time="150" reversible="false" easing="out" delay="100" condition="!Player.ShowInfo + !Skin.HasSetting(osd.usethemeNewOSDMusic) + Skin.HasSetting(osd.artistinfos)">Conditional</animation>
            </control>
            <control type="image">
                <visible>Skin.HasSetting(ShowClearLogoMusicOSD)</visible>
                <visible>!Window.IsVisible(musicosd)</visible>
                <visible>Player.Seeking | Player.DisplayAfterSeek | Player.Paused | Player.Forwarding | Player.Rewinding | Player.ShowInfo</visible>
                <right>80</right>
                <bottom>140</bottom>
                <width>400</width>
                <height>155</height>
                <fadetime>400</fadetime>
                <texture>$VAR[MusicPlayerArt]</texture>
                <aspectratio align="right" aligny="bottom">keep</aspectratio>
                <include>Animation.FadeIn</include>
                <include>Animation.FadeOut</include>
                <animation effect="fade" start="100" end="0" time="150" condition="Window.IsVisible(script-cu-lrclyrics-main.xml) + Skin.HasSetting(hideseekbaronlyrics)">Conditional</animation>
                <animation effect="fade" start="100" end="0" time="0" condition="Skin.HasSetting(osd.artistinfos) + !Skin.HasSetting(osd.usethemeNewOSDMusic) + !Skin.HasSetting(AlternativeCd)">Conditional</animation>
                <animation effect="slide" start="0" end="-50,-75" time="0" condition="Skin.HasSetting(osd.usethemeNewOSDMusic)">Conditional</animation>
                <animation effect="slide" start="0,0" end="0,-70" time="0" condition="Skin.HasSetting(osd.artistinfos) + Skin.HasSetting(osd.usethemeNewOSDMusic)">Conditional</animation>
                <animation effect="slide" start="0,0" end="0,-335" time="0" condition="Skin.HasSetting(osd.artistinfos) + !Skin.HasSetting(osd.usethemeNewOSDMusic)">Conditional</animation>
                <animation effect="slide" start="0,335" end="0,0" time="100" reversible="false" condition="Player.ShowInfo + !Skin.HasSetting(osd.usethemeNewOSDMusic) + Skin.HasSetting(osd.artistinfos)">Conditional</animation>
                <animation effect="slide" end="0,335" start="0,0" time="450" reversible="false" easing="out" tween="back" delay="100" condition="!Player.ShowInfo + !Skin.HasSetting(osd.usethemeNewOSDMusic) + Skin.HasSetting(osd.artistinfos)">Conditional</animation>
            </control>
            <control type="grouplist">
                <animation effect="slide" start="0,0" end="0,-70" time="150" condition="Skin.HasSetting(osd.artistinfos)">Conditional</animation>
                <visible>Skin.HasSetting(osd.usethemeNewOSDMusic)</visible>
                <include>Animation.FadeIn</include>
                <include>Animation.FadeOut</include>
                <right>130</right>
                <bottom>142</bottom>
                <width>1400</width>
                <height>64</height>
                <orientation>horizontal</orientation>
                <align>right</align>
                <itemgap>12</itemgap>
                <usecontrolcoords>true</usecontrolcoords>
                <control type="image">
                    <width>35</width>
                    <height>35</height>
                    <centertop>50%</centertop>
                    <texture colordiffuse="$VAR[ColorHighlight]">backg/$VAR[FlagstarMusic1].png</texture>
                    <visible>Integer.IsGreater(MusicPlayer.Time,0)</visible>
                    <visible>!Skin.HasSetting(musicosd.numericrating)</visible>
                    <animation type="Visible" condition="Integer.IsGreater(MusicPlayer.UserRating,0)">
                        <effect type="fade" start="0" end="100" time="200"/>
                        <effect type="zoom" center="auto" tween="back" easing="out" delay="2000" start="90" end="130" time="200"/>
                        <effect type="zoom" center="auto" delay="2200" start="110" end="77" time="200"/>
                    </animation>
                    <animation type="WindowOpen" condition="Integer.IsGreater(MusicPlayer.UserRating,0)">
                        <effect type="fade" start="0" end="100" time="200"/>
                        <effect type="zoom" center="auto" tween="back" easing="out" delay="2000" start="90" end="130" time="200"/>
                        <effect type="zoom" center="auto" delay="2200" start="110" end="77" time="200"/>
                    </animation>
                    <animation type="Hidden">
                        <effect type="fade" start="100" end="0" time="400"/>
                    </animation>
                </control>
                <control type="image">
                    <width>35</width>
                    <height>35</height>
                    <centertop>50%</centertop>
                    <texture colordiffuse="$VAR[ColorHighlight]">backg/$VAR[FlagstarMusic2].png</texture>
                    <visible>Integer.IsGreater(MusicPlayer.Time,0)</visible>
                    <visible>!Skin.HasSetting(musicosd.numericrating)</visible>
                    <animation type="Visible" condition="Integer.IsGreater(MusicPlayer.UserRating,2)">
                        <effect type="fade" start="0" end="100" time="200"/>
                        <effect type="zoom" center="auto" tween="back" easing="out" delay="2050" start="90" end="130" time="200"/>
                        <effect type="zoom" center="auto" delay="2250" start="110" end="77" time="200"/>
                    </animation>
                    <animation type="WindowOpen" condition="Integer.IsGreater(MusicPlayer.UserRating,2)">
                        <effect type="fade" start="0" end="100" time="200"/>
                        <effect type="zoom" center="auto" tween="back" easing="out" delay="2050" start="90" end="130" time="200"/>
                        <effect type="zoom" center="auto" delay="2250" start="110" end="77" time="200"/>
                    </animation>
                    <animation type="Hidden">
                        <effect type="fade" start="100" end="0" time="400"/>
                    </animation>
                </control>
                <control type="image">
                    <width>35</width>
                    <height>35</height>
                    <centertop>50%</centertop>
                    <texture colordiffuse="$VAR[ColorHighlight]">backg/$VAR[FlagstarMusic3].png</texture>
                    <visible>Integer.IsGreater(MusicPlayer.Time,0)</visible>
                    <visible>!Skin.HasSetting(musicosd.numericrating)</visible>
                    <animation type="Visible" condition="Integer.IsGreater(MusicPlayer.UserRating,4)">
                        <effect type="fade" start="0" end="100" time="200"/>
                        <effect type="zoom" center="auto" tween="back" easing="out" delay="2100" start="90" end="130" time="200"/>
                        <effect type="zoom" center="auto" delay="2300" start="110" end="77" time="200"/>
                    </animation>
                    <animation type="WindowOpen" condition="Integer.IsGreater(MusicPlayer.UserRating,4)">
                        <effect type="fade" start="0" end="100" time="200"/>
                        <effect type="zoom" center="auto" tween="back" easing="out" delay="2100" start="90" end="130" time="200"/>
                        <effect type="zoom" center="auto" delay="2300" start="110" end="77" time="200"/>
                    </animation>
                    <animation type="Hidden">
                        <effect type="fade" start="100" end="0" time="400"/>
                    </animation>
                </control>
                <control type="image">
                    <width>35</width>
                    <height>35</height>
                    <centertop>50%</centertop>
                    <texture colordiffuse="$VAR[ColorHighlight]">backg/$VAR[FlagstarMusic4].png</texture>
                    <visible>Integer.IsGreater(MusicPlayer.Time,0)</visible>
                    <visible>!Skin.HasSetting(musicosd.numericrating)</visible>
                    <animation type="Visible" condition="Integer.IsGreater(MusicPlayer.UserRating,6)">
                        <effect type="fade" start="0" end="100" time="200"/>
                        <effect type="zoom" center="auto" tween="back" easing="out" delay="2150" start="90" end="130" time="200"/>
                        <effect type="zoom" center="auto" delay="2350" start="110" end="77" time="200"/>
                    </animation>
                    <animation type="WindowOpen" condition="Integer.IsGreater(MusicPlayer.UserRating,6)">
                        <effect type="fade" start="0" end="100" time="200"/>
                        <effect type="zoom" center="auto" tween="back" easing="out" delay="2150" start="90" end="130" time="200"/>
                        <effect type="zoom" center="auto" delay="2350" start="110" end="77" time="200"/>
                    </animation>
                    <animation type="Hidden">
                        <effect type="fade" start="100" end="0" time="400"/>
                    </animation>
                </control>
                <control type="image">
                    <width>35</width>
                    <height>35</height>
                    <centertop>50%</centertop>
                    <texture colordiffuse="$VAR[ColorHighlight]">backg/$VAR[FlagstarMusic5].png</texture>
                    <visible>Integer.IsGreater(MusicPlayer.Time,0)</visible>
                    <visible>!Skin.HasSetting(musicosd.numericrating)</visible>
                    <animation type="Visible" condition="Integer.IsGreater(MusicPlayer.UserRating,8)">
                        <effect type="fade" start="0" end="100" time="200"/>
                        <effect type="zoom" center="auto" tween="back" easing="out" delay="2200" start="90" end="130" time="200"/>
                        <effect type="zoom" center="auto" delay="2400" start="110" end="77" time="200"/>
                    </animation>
                    <animation type="WindowOpen" condition="Integer.IsGreater(MusicPlayer.UserRating,8)">
                        <effect type="fade" start="0" end="100" time="200"/>
                        <effect type="zoom" center="auto" tween="back" easing="out" delay="2200" start="90" end="130" time="200"/>
                        <effect type="zoom" center="auto" delay="2400" start="110" end="77" time="200"/>
                    </animation>
                    <animation type="Hidden">
                        <effect type="fade" start="100" end="0" time="400"/>
                    </animation>
                </control>
                <control type="image">
                    <width>35</width>
                    <height>35</height>
                    <centertop>50%</centertop>
                    <texture colordiffuse="$VAR[ColorHighlight]">backg/$VAR[FlagstarMusic1].png</texture>
                    <visible>Integer.IsGreater(MusicPlayer.Time,0)</visible>
                    <visible>Skin.HasSetting(musicosd.numericrating)</visible>
                    <animation type="Visible" condition="Integer.IsGreater(MusicPlayer.UserRating,0)">
                        <effect type="fade" start="0" end="100" time="200"/>
                        <effect type="zoom" center="auto" tween="back" easing="out" delay="2000" start="90" end="130" time="200"/>
                        <effect type="zoom" center="auto" delay="2200" start="110" end="77" time="200"/>
                    </animation>
                    <animation type="WindowOpen" condition="Integer.IsGreater(MusicPlayer.UserRating,0)">
                        <effect type="fade" start="0" end="100" time="200"/>
                        <effect type="zoom" center="auto" tween="back" easing="out" delay="2000" start="90" end="130" time="200"/>
                        <effect type="zoom" center="auto" delay="2200" start="110" end="77" time="200"/>
                    </animation>
                    <animation type="Hidden">
                        <effect type="fade" start="100" end="0" time="400"/>
                    </animation>
                </control>
                <control type="label">
                    <width>auto</width>
                    <height>60</height>
                    <label>$INFO[MusicPlayer.UserRating,,.0]</label>
                    <aligny>center</aligny>
                    <textcolor>$VAR[OSDPanelWhite30]</textcolor>
                    <font>Flag</font>
                    <textcolor>Dark1</textcolor>
                    <visible>Skin.HasSetting(musicosd.numericrating) + Integer.IsGreater(MusicPlayer.UserRating,0)</visible>
                </control>
            </control>
            <control type="grouplist">
                <animation effect="slide" start="0,0" end="0,-50" time="150" condition="Skin.HasSetting(osd.usethemeNewOSDMusic)">Conditional</animation>
                <animation effect="slide" start="0,0" end="-50," time="0" condition="Skin.HasSetting(osd.usethemeNewOSDMusic)">Conditional</animation>
                <visible>!Skin.HasSetting(osd.usethemeNewOSDMusic)</visible>
                <include>Animation.FadeIn</include>
                <include>Animation.FadeOut</include>
                <right>80</right>
                <bottom>38</bottom>
                <width>1400</width>
                <height>64</height>
                <orientation>horizontal</orientation>
                <align>right</align>
                <itemgap>12</itemgap>
                <usecontrolcoords>true</usecontrolcoords>
                <control type="label" description="Duration Total Time">
                    <align>right</align>
                    <width>400</width>
                    <bottom>13</bottom>
                    <height>40</height>
                    <font>Tiny</font>
                    <textcolor>$VAR[OSDPanelWhite70]</textcolor>
                    <label>$INFO[Player.Time]$INFO[Player.Duration,  /  ,]</label>
                </control>
                <control type="image">
                    <width>30</width>
                    <height>30</height>
                    <centertop>50%</centertop>
                    <texture colordiffuse="$VAR[ColorHighlight]">backg/$VAR[FlagstarMusic1].png</texture>
                    <visible>Integer.IsGreater(MusicPlayer.Time,0)</visible>
                    <visible>!Skin.HasSetting(musicosd.numericrating)</visible>
                    <animation type="Visible" condition="Integer.IsGreater(MusicPlayer.UserRating,0)">
                        <effect type="fade" start="0" end="100" time="200"/>
                        <effect type="zoom" center="auto" tween="back" easing="out" delay="2000" start="90" end="130" time="200"/>
                        <effect type="zoom" center="auto" delay="2200" start="110" end="77" time="200"/>
                    </animation>
                    <animation type="WindowOpen" condition="Integer.IsGreater(MusicPlayer.UserRating,0)">
                        <effect type="fade" start="0" end="100" time="200"/>
                        <effect type="zoom" center="auto" tween="back" easing="out" delay="2000" start="90" end="130" time="200"/>
                        <effect type="zoom" center="auto" delay="2200" start="110" end="77" time="200"/>
                    </animation>
                    <animation type="Hidden">
                        <effect type="fade" start="100" end="0" time="400"/>
                    </animation>
                </control>
                <control type="image">
                    <width>30</width>
                    <height>30</height>
                    <centertop>50%</centertop>
                    <texture colordiffuse="$VAR[ColorHighlight]">backg/$VAR[FlagstarMusic2].png</texture>
                    <visible>Integer.IsGreater(MusicPlayer.Time,0)</visible>
                    <visible>!Skin.HasSetting(musicosd.numericrating)</visible>
                    <animation type="Visible" condition="Integer.IsGreater(MusicPlayer.UserRating,2)">
                        <effect type="fade" start="0" end="100" time="200"/>
                        <effect type="zoom" center="auto" tween="back" easing="out" delay="2050" start="90" end="130" time="200"/>
                        <effect type="zoom" center="auto" delay="2250" start="110" end="77" time="200"/>
                    </animation>
                    <animation type="WindowOpen" condition="Integer.IsGreater(MusicPlayer.UserRating,2)">
                        <effect type="fade" start="0" end="100" time="200"/>
                        <effect type="zoom" center="auto" tween="back" easing="out" delay="2050" start="90" end="130" time="200"/>
                        <effect type="zoom" center="auto" delay="2250" start="110" end="77" time="200"/>
                    </animation>
                    <animation type="Hidden">
                        <effect type="fade" start="100" end="0" time="400"/>
                    </animation>
                </control>
                <control type="image">
                    <width>30</width>
                    <height>30</height>
                    <centertop>50%</centertop>
                    <texture colordiffuse="$VAR[ColorHighlight]">backg/$VAR[FlagstarMusic3].png</texture>
                    <visible>Integer.IsGreater(MusicPlayer.Time,0)</visible>
                    <visible>!Skin.HasSetting(musicosd.numericrating)</visible>
                    <animation type="Visible" condition="Integer.IsGreater(MusicPlayer.UserRating,4)">
                        <effect type="fade" start="0" end="100" time="200"/>
                        <effect type="zoom" center="auto" tween="back" easing="out" delay="2100" start="90" end="130" time="200"/>
                        <effect type="zoom" center="auto" delay="2300" start="110" end="77" time="200"/>
                    </animation>
                    <animation type="WindowOpen" condition="Integer.IsGreater(MusicPlayer.UserRating,4)">
                        <effect type="fade" start="0" end="100" time="200"/>
                        <effect type="zoom" center="auto" tween="back" easing="out" delay="2100" start="90" end="130" time="200"/>
                        <effect type="zoom" center="auto" delay="2300" start="110" end="77" time="200"/>
                    </animation>
                    <animation type="Hidden">
                        <effect type="fade" start="100" end="0" time="400"/>
                    </animation>
                </control>
                <control type="image">
                    <width>30</width>
                    <height>30</height>
                    <centertop>50%</centertop>
                    <texture colordiffuse="$VAR[ColorHighlight]">backg/$VAR[FlagstarMusic4].png</texture>
                    <visible>Integer.IsGreater(MusicPlayer.Time,0)</visible>
                    <visible>!Skin.HasSetting(musicosd.numericrating)</visible>
                    <animation type="Visible" condition="Integer.IsGreater(MusicPlayer.UserRating,6)">
                        <effect type="fade" start="0" end="100" time="200"/>
                        <effect type="zoom" center="auto" tween="back" easing="out" delay="2150" start="90" end="130" time="200"/>
                        <effect type="zoom" center="auto" delay="2350" start="110" end="77" time="200"/>
                    </animation>
                    <animation type="WindowOpen" condition="Integer.IsGreater(MusicPlayer.UserRating,6)">
                        <effect type="fade" start="0" end="100" time="200"/>
                        <effect type="zoom" center="auto" tween="back" easing="out" delay="2150" start="90" end="130" time="200"/>
                        <effect type="zoom" center="auto" delay="2350" start="110" end="77" time="200"/>
                    </animation>
                    <animation type="Hidden">
                        <effect type="fade" start="100" end="0" time="400"/>
                    </animation>
                </control>
                <control type="image">
                    <width>30</width>
                    <height>30</height>
                    <centertop>50%</centertop>
                    <texture colordiffuse="$VAR[ColorHighlight]">backg/$VAR[FlagstarMusic5].png</texture>
                    <visible>Integer.IsGreater(MusicPlayer.Time,0)</visible>
                    <visible>!Skin.HasSetting(musicosd.numericrating)</visible>
                    <animation type="Visible" condition="Integer.IsGreater(MusicPlayer.UserRating,8)">
                        <effect type="fade" start="0" end="100" time="200"/>
                        <effect type="zoom" center="auto" tween="back" easing="out" delay="2200" start="90" end="130" time="200"/>
                        <effect type="zoom" center="auto" delay="2400" start="110" end="77" time="200"/>
                    </animation>
                    <animation type="WindowOpen" condition="Integer.IsGreater(MusicPlayer.UserRating,8)">
                        <effect type="fade" start="0" end="100" time="200"/>
                        <effect type="zoom" center="auto" tween="back" easing="out" delay="2200" start="90" end="130" time="200"/>
                        <effect type="zoom" center="auto" delay="2400" start="110" end="77" time="200"/>
                    </animation>
                    <animation type="Hidden">
                        <effect type="fade" start="100" end="0" time="400"/>
                    </animation>
                </control>
                <control type="image">
                    <width>30</width>
                    <height>30</height>
                    <centertop>50%</centertop>
                    <texture colordiffuse="$VAR[ColorHighlight]">backg/$VAR[FlagstarMusic1].png</texture>
                    <visible>Integer.IsGreater(MusicPlayer.Time,0)</visible>
                    <visible>Skin.HasSetting(musicosd.numericrating)</visible>
                    <animation type="Visible" condition="Integer.IsGreater(MusicPlayer.UserRating,0)">
                        <effect type="fade" start="0" end="100" time="200"/>
                        <effect type="zoom" center="auto" tween="back" easing="out" delay="2000" start="90" end="130" time="200"/>
                        <effect type="zoom" center="auto" delay="2200" start="110" end="77" time="200"/>
                    </animation>
                    <animation type="WindowOpen" condition="Integer.IsGreater(MusicPlayer.UserRating,0)">
                        <effect type="fade" start="0" end="100" time="200"/>
                        <effect type="zoom" center="auto" tween="back" easing="out" delay="2000" start="90" end="130" time="200"/>
                        <effect type="zoom" center="auto" delay="2200" start="110" end="77" time="200"/>
                    </animation>
                    <animation type="Hidden">
                        <effect type="fade" start="100" end="0" time="400"/>
                    </animation>
                </control>
                <control type="label">
                    <width>auto</width>
                    <height>60</height>
                    <label>$INFO[MusicPlayer.UserRating,,.0]</label>
                    <aligny>center</aligny>
                    <align>right</align>
                    <textcolor>$VAR[OSDPanelWhite30]</textcolor>
                    <font>Flag</font>
                    <textcolor>Dark1</textcolor>
                    <visible>Skin.HasSetting(musicosd.numericrating) + Integer.IsGreater(MusicPlayer.UserRating,0)</visible>
                </control>
            </control>
            <control type="group">
                <visible>!Skin.HasSetting(osd.usethemeNewOSDMusic)</visible>
                <animation effect="fade" start="0" end="100" delay="150" time="150">Visible</animation>
                <animation effect="fade" start="0" end="100" delay="150" time="150">WindowOpen</animation>
                <top>110r</top>
                <bottom>0</bottom>
                <width>100%</width>
                <control type="group">
                    <left>SidePad</left>
                    <right>SidePad</right>
                    <top>20</top>
                    <bottom>20</bottom>
                    <control type="label" description="Finishes Time">
                        <left>0</left>
                        <right>0</right>
                        <bottom>30</bottom>
                        <height>40</height>
                        <font>Tiny</font>
                        <textcolor>$VAR[OSDPanelWhite70]</textcolor>
                        <label>$VAR[PlayerStatus]</label>
                    </control>
                    <control type="progress" description="cache">
                        <description>Progress Bar</description>
                        <width>100%</width>
                        <bottom>10</bottom>
                        <height>8</height>
                        <info>Player.ProgressCache</info>
                        <visible>true</visible>
                        <texturebg colordiffuse="00ffffff">osd/progress-bg.png</texturebg>
                        <lefttexture colordiffuse="Highlight2">osd/progress-end.png</lefttexture>
                        <midtexture colordiffuse="Highlight2">osd/progress-end.png</midtexture>
                        <righttexture colordiffuse="Highlight2">osd/progress-end.png</righttexture>
                    </control>
                    <control type="progress" id="23">
                        <description>Progress Bar</description>
                        <width>100%</width>
                        <bottom>10</bottom>
                        <height>8</height>
                        <info>Player.Progress</info>
                    </control>
                </control>
            </control>
            <control type="group">
                <visible>Skin.HasSetting(osd.usethemeNewOSDMusic)</visible>
                <animation effect="fade" start="0" end="100" delay="150" time="150">Visible</animation>
                <animation effect="fade" start="0" end="100" delay="150" time="150">WindowOpen</animation>
                <animation effect="slide" end="0,110" start="0" time="150" tween="quadratic">Hidden</animation>
                <animation effect="slide" end="0,110" start="0" time="150" tween="quadratic">WindowClose</animation>
                <top>110r</top>
                <bottom>0</bottom>
                <width>100%</width>
                <control type="group">
                    <left>530</left>
                    <right>SidePadNewOSD</right>
                    <top>20</top>
                    <animation effect="slide" start="0,0" end="0,-50" time="150" condition="Skin.HasSetting(osd.usethemeNewOSDMusic)">Conditional</animation>
                    <bottom>20</bottom>
                    <control type="label" description="Finishes Time">
                        <animation effect="slide" start="0,0" end="0,-70" time="150" condition="Skin.HasSetting(osd.artistinfos)">Conditional</animation>
                        <left>0</left>
                        <right>0</right>
                        <bottom>85</bottom>
                        <height>40</height>
                        <width>950</width>
                        <font>MediumBold</font>
                        <textcolor>$VAR[OSDPanelWhite70]</textcolor>
                        <label>$VAR[PlayerStatusNewOSD]</label>
                    </control>
                    <!--<control type="label">
                        <right>0</right>
                        <align>left</align>
                        <bottom>100</bottom>
                        <height>40</height>
                        <font>tiny</font>
                        <textcolor>$VAR[OSDPanelWhite70]</textcolor>
                        <animation effect="slide" start="0,0" end="0,70" time="150" condition="Skin.HasSetting(osd.usethemeNewOSDMusic)">Conditional</animation>
                        <label>$INFO[MusicPlayer.BitsPerSample] bit  •  $INFO[MusicPlayer.BitRate] kbps  •  $VAR[Label_MusicPlayerCodec]</label>                
                    </control>    -->
                    <control type="grouplist">
                        <width>700</width>
                        <height>64</height>
                        <orientation>horizontal</orientation>
                        <align>left</align>
                        <itemgap>8</itemgap>
                        <bottom>77</bottom>
                        <control type="label">
                            <width>auto</width>
                            <align>left</align>
                            <height>40</height>
                            <font>tiny</font>
                            <textcolor>$VAR[OSDPanelWhite70]</textcolor>
                            <animation effect="slide" start="0,0" end="0,70" time="150" condition="Skin.HasSetting(osd.usethemeNewOSDMusic)">Conditional</animation>
                            <label>$INFO[MusicPlayer.BitsPerSample,,bit]</label>
                        </control>
                        <control type="label">
                            <width>auto</width>
                            <align>left</align>
                            <height>40</height>
                            <font>tiny</font>
                            <textcolor>$VAR[OSDPanelWhite70]</textcolor>
                            <animation effect="slide" start="0,0" end="0,70" time="150" condition="Skin.HasSetting(osd.usethemeNewOSDMusic)">Conditional</animation>
                            <label>$INFO[MusicPlayer.BitRate, •  ,kbps]</label>
                        </control>
                        <control type="label">
                            <width>auto</width>
                            <align>left</align>
                            <height>40</height>
                            <font>tiny</font>
                            <textcolor>$VAR[OSDPanelWhite70]</textcolor>
                            <animation effect="slide" start="0,0" end="0,70" time="150" condition="Skin.HasSetting(osd.usethemeNewOSDMusic)">Conditional</animation>
                            <label>$VAR[Label_MusicPlayerCodec, •  ]</label>
                        </control>
                    </control>
                    <control type="group">
                        <top>255</top>
                        <visible>Skin.HasSetting(osd.artistinfos)</visible>
                        <control type="textbox">
                            <description>RSS feed</description>
                            <right>0</right>
                            <bottom>255</bottom>
                            <height>70</height>
                            <scroll>true</scroll>
                            <scrollspeed>30</scrollspeed>
                            <pauseatend>500</pauseatend>
                            <font>Tiny</font>
                            <align>justify</align>
                            <textcolor>$VAR[OSDPanelWhite70]</textcolor>
                            <label fallback="19055">$INFO[Window(Visualisation).Property(ArtistSlideshow.ArtistBiography),]</label>
                        </control>
                    </control>
                    <control type="progress" description="cache">
                        <description>Progress Bar</description>
                        <width>100%</width>
                        <bottom>10</bottom>
                        <height>8</height>
                        <info>Player.ProgressCache</info>
                        <visible>true</visible>
                        <texturebg colordiffuse="00ffffff">osd/progress-bg.png</texturebg>
                        <lefttexture colordiffuse="Highlight2">osd/progress-end.png</lefttexture>
                        <midtexture colordiffuse="Highlight2">osd/progress-end.png</midtexture>
                        <righttexture colordiffuse="Highlight2">osd/progress-end.png</righttexture>
                    </control>
                    <control type="progress" id="23">
                        <description>Progress Bar</description>
                        <width>100%</width>
                        <bottom>10</bottom>
                        <height>8</height>
                        <info>Player.Progress</info>
                    </control>
                </control>
            </control>
        </control>
        <control type="group">
            <visible>Skin.HasSetting(AlternativeCd) + Skin.HasSetting(ShowMusicCd)</visible>
            <animation effect="slide" start="0,0" end="0,137" time="150" condition="Skin.HasSetting(osd.usethemeNewOSDMusic)">Conditional</animation>
            <animation effect="slide" start="0,0" end="50,0" time="0" condition="Skin.HasSetting(osd.usethemeNewOSDMusic)">Conditional</animation>
            <animation effect="slide" start="0,0" end="0,-40" time="150" condition="Skin.HasSetting(osd.artistinfos) + Skin.HasSetting(osd.usethemeNewOSDMusic)">Conditional</animation>
            <animation type="Conditional" condition="Window.IsVisible(script-cu-lrclyrics-main.xml) + Skin.HasSetting(hideseekbaronlyrics) + !Skin.HasSetting(osd.usethemeNewOSDMusic)">
                <effect type="slide" start="0,0" end="-480,0" tween="sine" easing="out" time="300" delay="500"/>
            </animation>
            <animation type="Conditional" condition="Window.IsVisible(script-cu-lrclyrics-main.xml) + Skin.HasSetting(hideseekbaronlyrics) + Skin.HasSetting(osd.usethemeNewOSDMusic)">
                <effect type="slide" start="0,0" end="-520,0" tween="sine" easing="out" time="300" delay="500"/>
            </animation>
            <control type="group">
                <visible>Integer.IsGreater(MusicPlayer.Time,0)</visible>
                <visible>Player.ShowInfo</visible>
                <visible>!Window.IsVisible(musicosd)</visible>
                <visible>!Window.IsVisible(DialogBusy.xml)</visible>
                <animation type="WindowClose" reversible="false">
                    <effect type="slide" start="115,0" end="0,0" tween="sine" easing="out" time="400" delay="0"/>
                    <effect type="fade" start="100" end="0" time="5" delay="400"/>
                </animation>
                <animation type="WindowOpen" reversible="false">
                    <effect type="slide" start="0,0" end="115,0" tween="sine" easing="out" time="600" delay="500"/>
                </animation>
                <animation type="Hidden" reversible="false">
                    <effect type="slide" start="0,0" end="-160,0" tween="sine" easing="out" time="400" delay="200"/>
                    <effect type="fade" start="100" end="0" time="5" delay="400"/>
                </animation>
                <animation type="Visible" reversible="false">
                    <effect type="slide" start="-130,0" end="0,0" tween="sine" easing="out" time="600" delay="700"/>
                </animation>
                <include>DefDiscArt</include>
            </control>
            <control type="image">
                <visible>Player.ShowInfo</visible>
                <visible>!Window.IsVisible(musicosd)</visible>
                <top>627</top>
                <left>70</left>
                <height>280</height>
                <width>275</width>
                <aspectratio scalediffuse="false">scale</aspectratio>
                <texture diffuse="backg/cd_shadow2.png" border="0" fallback="DefaultAlbumCover.png">$INFO[Player.Art(thumb)]</texture>
                <animation type="WindowClose" reversible="false">
                    <effect type="slide" start="0,0" end="-480,0" tween="sine" easing="out" time="300" delay="500"/>
                </animation>
                <animation type="Hidden" reversible="false">
                    <effect type="slide" start="0,0" end="-480,0" tween="sine" easing="out" time="300" delay="500"/>
                </animation>
                <animation type="Visible" reversible="false">
                    <effect type="slide" start="-480,0" end="0,0" tween="sine" easing="out" time="400" delay="0"/>
                </animation>
                <animation type="WindowOpen" reversible="false">
                    <effect type="slide" start="-480,0" end="0,0" tween="sine" easing="out" time="400" delay="0"/>
                </animation>
            </control>
        </control>
        <control type="group">
            <visible>!Skin.HasSetting(AlternativeCd) + Skin.HasSetting(ShowMusicCd)</visible>
            <animation type="Conditional" condition="Window.IsVisible(script-cu-lrclyrics-main.xml) + Skin.HasSetting(hideseekbaronlyrics) + !Skin.HasSetting(osd.usethemeNewOSDMusic)">
                <effect type="slide" start="0,0" end="-480,0" tween="sine" easing="out" time="300" delay="500"/>
            </animation>
            <animation type="Conditional" condition="Window.IsVisible(script-cu-lrclyrics-main.xml) + Skin.HasSetting(hideseekbaronlyrics) + Skin.HasSetting(osd.usethemeNewOSDMusic)">
                <effect type="slide" start="0,0" end="-520,0" tween="sine" easing="out" time="300" delay="500"/>
            </animation>
            <animation effect="slide" start="0,0" end="0,142" time="150" condition="Skin.HasSetting(osd.usethemeNewOSDMusic)">Conditional</animation>
            <animation effect="slide" start="0,0" end="50,0" time="0" condition="Skin.HasSetting(osd.usethemeNewOSDMusic)">Conditional</animation>
            <control type="group">
                <animation effect="slide" start="0,0" end="0,-40" time="150" condition="Skin.HasSetting(osd.artistinfos) + Skin.HasSetting(osd.usethemeNewOSDMusic)">Conditional</animation>
                <visible>Integer.IsGreater(MusicPlayer.Time,0)</visible>
                <visible>Player.ShowInfo</visible>
                <visible>!Window.IsVisible(musicosd)</visible>
                <visible>!Window.IsVisible(DialogBusy.xml)</visible>
                <animation type="WindowClose" reversible="false">
                    <effect type="slide" start="115,0" end="0,0" tween="sine" easing="out" time="400" delay="0"/>
                    <effect type="fade" start="100" end="0" time="5" delay="400"/>
                </animation>
                <animation type="WindowOpen" reversible="false">
                    <effect type="slide" start="0,0" end="115,0" tween="sine" easing="out" time="600" delay="500"/>
                </animation>
                <animation type="Hidden" reversible="false">
                    <effect type="slide" start="0,0" end="-160,0" tween="sine" easing="out" time="400" delay="200"/>
                    <effect type="fade" start="100" end="0" time="5" delay="400"/>
                </animation>
                <animation type="Visible" reversible="false">
                    <effect type="slide" start="-130,0" end="0,0" tween="sine" easing="out" time="600" delay="700"/>
                </animation>
                <include>DefDiscArt</include>
            </control>
            <control type="group">
                <animation type="WindowClose" reversible="false">
                    <effect type="slide" start="0,0" end="-480,0" tween="sine" easing="out" time="300" delay="500"/>
                </animation>
                <animation type="Hidden" reversible="false">
                    <effect type="slide" start="0,0" end="-480,0" tween="sine" easing="out" time="300" delay="500"/>
                </animation>
                <animation type="Visible" reversible="false">
                    <effect type="slide" start="-480,0" end="0,0" tween="sine" easing="out" time="400" delay="0"/>
                </animation>
                <animation type="WindowOpen" reversible="false">
                    <effect type="slide" start="-480,0" end="0,0" tween="sine" easing="out" time="400" delay="0"/>
                </animation>
                <animation effect="slide" start="0,0" end="0,-40" time="150" condition="Skin.HasSetting(osd.artistinfos) + Skin.HasSetting(osd.usethemeNewOSDMusic)">Conditional</animation>
                <visible>Player.ShowInfo</visible>
                <visible>!Window.IsVisible(musicosd)</visible>
                <control type="image">
                    <top>637</top>
                    <left>80</left>
                    <height>260</height>
                    <width>260</width>
                    <aspectratio scalediffuse="false">scale</aspectratio>
                    <texture diffuse="diffuse/wall.png" fallback="DefaultAlbumCover.png">$INFO[Player.Art(thumb)]</texture>
                </control>
                <control type="image">
                    <top>636</top>
                    <left>79</left>
                    <height>262</height>
                    <width>262</width>
                    <texture colordiffuse="$VAR[MusicOSDBox]" border="4">common/box21.png</texture>
                </control>
            </control>
        </control>
        <control type="group">
            <visible>Skin.HasSetting(osd.artistinfos) + Skin.HasSetting(ShowMusicCd)</visible>
            <visible>Player.ShowInfo</visible>
            <visible>!Window.IsVisible(musicosd)</visible>
            <visible>!Window.IsVisible(script-cu-lrclyrics-main.xml)</visible>
            <animation type="Hidden" reversible="false">
                <effect type="slide" start="0,0" end="1400,0" tween="sine" easing="out" time="400" delay="500"/>
                <effect type="fade" start="100" end="0" time="200" delay="500"/>
            </animation>
            <animation type="Visible" reversible="false">
                <effect type="slide" start="1480,0" end="0,0" tween="sine" easing="out" time="400" delay="0"/>
                <effect type="fade" start="50" end="100" time="400"/>
            </animation>
            <control type="group">
                <visible>!Skin.HasSetting(osd.usethemeNewOSDMusic)</visible>
                <animation type="WindowClose" reversible="false">
                    <effect type="slide" start="0,0" end="1400,0" tween="sine" easing="out" time="400" delay="500"/>
                    <effect type="fade" start="100" end="0" time="200" delay="500"/>
                </animation>
                <animation type="WindowOpen" reversible="false">
                    <effect type="slide" start="1480,0" end="0,0" tween="sine" easing="out" time="400" delay="0"/>
                    <effect type="fade" start="50" end="100" time="400"/>
                </animation>
                <control type="group">
                    <left>539</left>
                    <top>2</top>
                    <control type="image">
                        <top>635</top>
                        <height>261</height>
                        <width>1300</width>
                        <left>1</left>
                        <right>SidePadNewOSD</right>
                        <texture diffuse="diffuse/wall.png" border="5">common/white.png</texture>
                        <colordiffuse>$VAR[OSDPanel]</colordiffuse>
                        <animation effect="fade" start="100" end="80" condition="Skin.HasSetting(osd.usetheme)">Conditional</animation>
                    </control>
                    <control type="image">
                        <top>634</top>
                        <height>263</height>
                        <width>1302</width>
                        <texture colordiffuse="BoxWidget" border="4">common/box21.png</texture>
                    </control>
                    <control type="label">
                        <left>35</left>
                        <bottom>375</bottom>
                        <height>40</height>
                        <font>SmallBold</font>
                        <textcolor>$VAR[OSDPanelWhite70]</textcolor>
                        <label>$LOCALIZE[19033]</label>
                    </control>
                    <control type="grouplist">
                        <orientation>vertical</orientation>
                        <top>725</top>
                        <left>35</left>
                        <itemgap>0</itemgap>
                        <include>Def_Label_Headers</include>
                    </control>
                    <control type="grouplist">
                        <orientation>vertical</orientation>
                        <top>725</top>
                        <left>250</left>
                        <width>190</width>
                        <itemgap>0</itemgap>
                        <include>Def_Label_Info</include>
                    </control>
                    <control type="label">
                        <left>470</left>
                        <right>0</right>
                        <bottom>315</bottom>
                        <height>40</height>
                        <width>180</width>
                        <font>TinyBold2</font>
                        <textcolor>$VAR[OSDPanelWhite70]</textcolor>
                        <label>$LOCALIZE[21887]:</label>
                    </control>
                    <control type="textbox">
                        <description>RSS feed</description>
                        <left>660</left>
                        <bottom>207</bottom>
                        <height>144</height>
                        <width>610</width>
                        <scroll>true</scroll>
                        <scrollspeed>30</scrollspeed>
                        <pauseatend>500</pauseatend>
                        <font>Tiny</font>
                        <textcolor>$VAR[OSDPanelWhite70]</textcolor>
                        <label fallback="19055">$INFO[Window(Visualisation).Property(ArtistSlideshow.ArtistBiography),]</label>
                    </control>
                </control>
            </control>
        </control>
        <control type="group">
            <visible>Skin.HasSetting(osd.artistinfos) + !Skin.HasSetting(ShowMusicCd)</visible>
            <visible>Player.ShowInfo</visible>
            <visible>!Window.IsVisible(musicosd)</visible>
            <visible>!Window.IsVisible(script-cu-lrclyrics-main.xml)</visible>
            <animation type="Hidden" reversible="false">
                <effect type="slide" start="0,0" end="1850,0" tween="sine" easing="out" time="300" delay="0"/>
                <effect type="fade" start="100" end="0" time="200" delay="0"/>
            </animation>
            <animation type="Visible" reversible="false">
                <effect type="slide" start="1480,0" end="0,0" tween="sine" easing="out" time="400" delay="0"/>
                <effect type="fade" start="50" end="100" time="400"/>
            </animation>
            <control type="group">
                <visible>!Skin.HasSetting(osd.usethemeNewOSDMusic)</visible>
                <animation type="WindowClose" reversible="false">
                    <effect type="slide" start="0,0" end="1850,0" tween="sine" easing="out" time="300" delay="0"/>
                    <effect type="fade" start="100" end="0" time="200" delay="0"/>
                </animation>
                <animation type="WindowOpen" reversible="false">
                    <effect type="slide" start="1480,0" end="0,0" tween="sine" easing="out" time="400" delay="0"/>
                    <effect type="fade" start="50" end="100" time="400"/>
                </animation>
                <control type="group">
                    <left>80</left>
                    <top>2</top>
                    <control type="image">
                        <top>635</top>
                        <height>261</height>
                        <width>1758</width>
                        <left>1</left>
                        <right>SidePadNewOSD</right>
                        <texture diffuse="diffuse/wall.png" border="5">common/white.png</texture>
                        <colordiffuse>$VAR[OSDPanel]</colordiffuse>
                        <animation effect="fade" start="100" end="80" condition="Skin.HasSetting(osd.usetheme)">Conditional</animation>
                    </control>
                    <control type="image">
                        <top>634</top>
                        <height>263</height>
                        <width>1760</width>
                        <texture colordiffuse="BoxWidget" border="4">common/box21.png</texture>
                    </control>
                    <control type="label">
                        <left>35</left>
                        <bottom>375</bottom>
                        <height>40</height>
                        <font>SmallBold</font>
                        <textcolor>$VAR[OSDPanelWhite70]</textcolor>
                        <label>$LOCALIZE[19033]</label>
                    </control>
                    <control type="grouplist">
                        <orientation>vertical</orientation>
                        <top>725</top>
                        <left>35</left>
                        <itemgap>0</itemgap>
                        <include>Def_Label_Headers</include>
                    </control>
                    <control type="grouplist">
                        <orientation>vertical</orientation>
                        <top>725</top>
                        <left>250</left>
                        <width>190</width>
                        <itemgap>0</itemgap>
                        <include>Def_Label_Info</include>
                    </control>
                    <control type="label">
                        <left>470</left>
                        <right>0</right>
                        <bottom>315</bottom>
                        <height>40</height>
                        <width>180</width>
                        <font>TinyBold2</font>
                        <textcolor>$VAR[OSDPanelWhite70]</textcolor>
                        <label>$LOCALIZE[21887]:</label>
                    </control>
                    <control type="textbox">
                        <description>RSS feed</description>
                        <left>660</left>
                        <bottom>207</bottom>
                        <height>144</height>
                        <width>1060</width>
                        <scroll>true</scroll>
                        <scrollspeed>30</scrollspeed>
                        <pauseatend>500</pauseatend>
                        <font>Tiny</font>
                        <textcolor>$VAR[OSDPanelWhite70]</textcolor>
                        <label fallback="19055">$INFO[Window(Visualisation).Property(ArtistSlideshow.ArtistBiography),]</label>
                    </control>
                </control>
            </control>
        </control>
        <control type="group">
            <visible>Player.ShowCodec</visible>
            <visible>!Window.IsVisible(script-cu-lrclyrics-main.xml)</visible>
            <left>70</left>
            <posy>70</posy>
            <width>1420</width>
            <height>100</height>
            <include>Animation.FadeIn.Slide</include>
            <include>Animation.FadeOut</include>
            <animation effect="slide" end="668" start="0" time="150" tween="quadratic" condition="Window.IsActive(musicosd)">Conditional</animation>
            <control type="image">
                <description>background image</description>
                <posx>0</posx>
                <posy>0</posy>
                <width>100%</width>
                <height>100%</height>
                <texture border="16" colordiffuse="$VAR[OSDPanel]">common/rounded-shadow8.png</texture>
            </control>
            <control type="label">
                <description>row 1 label</description>
                <left>30</left>
                <right>30</right>
                <height>100%</height>
                <align>left</align>
                <aligny>center</aligny>
                <label>$INFO[musicplayer.Codec,$LOCALIZE[21446]: ,]$INFO[musicplayer.Bitrate, · $LOCALIZE[623]: ,kbps]$INFO[musicplayer.bitspersample, · $LOCALIZE[612]: ,]$INFO[musicplayer.Samplerate, · $LOCALIZE[613]: ,kHz]$INFO[musicplayer.Channels, · $LOCALIZE[21444]: ]</label>
                <textcolor>$VAR[OSDPanelWhite100]</textcolor>
            </control>
        </control>
    </controls>
</window>