<?xml version="1.0" encoding="UTF-8"?>
<window type="dialog" id="1288">
    <defaultcontrol>11</defaultcontrol>
    <controls>
        <include>GlobalOverlay</include>
        <include>Animation.Common</include>                  
        <control type="group">
            <include>Animation.FadeIn</include>
            <include>Animation.FadeOut</include>
            <include>DefDialogBackground</include>                           
            <control type="group">
                <left>24</left>
                <top>26</top>
                <control type="label">
                    <description>Header Label</description>
                    <left>70</left>
                    <width>1000</width>
                    <posy>0</posy>
                    <include>FontTop</include>
                    <textcolor>Dark2</textcolor>
                    <label>37925</label>
                </control>
                <include>Kodi_Logo</include>
    
                <!-- Lines -->
                <control type="image">
                    <top>70</top>
                    <left>17</left>
                    <right>40</right>
                    <height>1</height>
                    <bottom>10</bottom>
                    <colordiffuse>Black12</colordiffuse>
                    <texture>common/white.png</texture>
                </control>
            </control>        
            <control type="image">
                <top>120</top>
                <left>8</left>
                <height>70</height>
                <width>697</width>
                <texture colordiffuse="$VAR[ColorSelectOtherBar]">common/white.png</texture>
                <visible>ControlGroup(11).HasFocus()</visible>
                <animation effect="slide" end="0,70" time="0" condition="Integer.IsGreater(Container(11).Position,0)">Conditional</animation>
                <animation effect="slide" end="0,70" time="0" condition="Integer.IsGreater(Container(11).Position,1)">Conditional</animation>
                <animation effect="slide" end="0,70" time="0" condition="Integer.IsGreater(Container(11).Position,2)">Conditional</animation>
                <animation effect="slide" end="0,70" time="0" condition="Integer.IsGreater(Container(11).Position,3)">Conditional</animation>
                <animation effect="slide" end="0,70" time="0" condition="Integer.IsGreater(Container(11).Position,4)">Conditional</animation>
                <animation effect="slide" end="0,70" time="0" condition="Integer.IsGreater(Container(11).Position,5)">Conditional</animation>
            </control>        
            <control type="grouplist" id="11">
                <height>490</height>
                <width>705</width>
                <top>120</top>
                <onright>5</onright>
                <usecontrolcoords>true</usecontrolcoords>
                <itemgap>0</itemgap>
                <scrolltime>0</scrolltime>
                <control type="radiobutton" id="1">
                    <align>left</align>
                    <include>DefContextButtonGradientSelect</include>
                    <label>654</label>
                    <onclick>Skin.ToggleSetting(DebugInfo)</onclick>
                    <selected>Skin.HasSetting(DebugInfo)</selected>
                </control>
                <control type="radiobutton" id="2">
                    <align>left</align>
                    <include>DefContextButtonGradientSelect</include>
                    <label>37926</label>
                    <onclick>Skin.ToggleSetting(DebugInfo.extended)</onclick>
                    <selected>Skin.HasSetting(DebugInfo.extended)</selected>
                    <enable>Skin.HasSetting(DebugInfo)</enable>
                </control>
                <control type="radiobutton" id="3">
                    <include>DefContextButtonGradientSelect</include>
                    <label>37758</label>
                    <onclick>Skin.ToggleSetting(DebugInfoGrid)</onclick>
                    <selected>Skin.HasSetting(DebugInfoGrid)</selected>
                    <enable>Skin.HasSetting(DebugInfo)</enable>
                </control> 
                <control type="radiobutton" id="4">
                    <include>DefContextButtonGradientSelect</include>
                    <label>37927</label>
                    <onclick>Skin.ToggleSetting(DebugInfo.extended.grid)</onclick>
                    <selected>Skin.HasSetting(DebugInfo.extended.grid)</selected>
                    <enable>Skin.HasSetting(DebugInfo) + Skin.HasSetting(DebugInfoGrid)</enable>
                </control>             
            </control>
            <control type="image">
                <posx>705</posx>
                <top>120</top>
                <height>687</height>
                <width>1</width>
                <texture colordiffuse="Black12">common/white.png</texture>
                <visible>!Control.IsVisible(21)</visible>
                <animation effect="fade" start="0" end="100" time="100" condition="!Control.HasFocus(1723) + !Container.Scrolling">Conditional</animation>
            </control>
            <control type="button" id="5">
                <description>Manual</description>
                <posx>738</posx>
                <posy>120</posy>
                <width>300</width>
                <height>70</height>
                <align>center</align>
                <label>15067</label>
                <onleft>11</onleft>
                <font>Button</font>
                <textcolor>Black70</textcolor>
                <texturefocus colordiffuse="$VAR[ColorHighlight]" border="5">common/box.png</texturefocus>
                <onclick>Close</onclick>
            </control>
        </control>        
    </controls>
</window>