<?xml version="1.0" encoding="UTF-8"?>
<window type="dialog" id="1297">
    <defaultcontrol>9000</defaultcontrol>
    <onload>RunScript(script.embuary.helper,action=blurimg,file='"special://skin/extras/views/cars.jpg"',prop=MyProp)</onload>
    <onload>Skin.Reset(NoBlurFoto)</onload>
    <controls>
        <control type="group">
            <animation effect="fade" start="100" end="0" time="500" delay="0" tween="quadratic">WindowClose</animation>
            <control type="image" description="Background">
                <left>80</left>
                <top>220</top>
                <width>1760</width>
                <height>636</height>
                <texture border="5" colordiffuse="Panel">common/box.png</texture>
            </control>
            <control type="group">
                <left>80</left>
                <top>216</top>
                <control type="image">
                    <top>10</top>
                    <left>450</left>
                    <width>1</width>
                    <bottom>234</bottom>
                    <colordiffuse>Black12</colordiffuse>
                    <texture>common/white.png</texture>
                </control>

                <!-- Header -->
                <control type="label">
                    <left>30</left>
                    <width>390</width>
                    <posy>18</posy>
                    <font>MediumBold</font>
                    <label>5</label>
                    <textcolor>PanelWhite100</textcolor>
                </control>
                <control type="label">
                    <left>30</left>
                    <right>30</right>
                    <posy>77</posy>
                    <height>30</height>
                    <font>Tiny</font>
                    <textcolor>PanelWhite70</textcolor>
                    <scroll>true</scroll>
                    <align>left</align>
                    <textoffsetx>0</textoffsetx>
                    <texturenofocus>noop</texturenofocus>
                    <texturefocus>noop</texturefocus>
                    <label>$VAR[BlurSet]</label>
                </control>
            </control>
            <control type="group">
                <right>95</right>
                <width>1280</width>
                <top>230</top>
                <height>614</height>
                <control type="image" description="Background">
                    <texture colordiffuse="Background">common/bg.jpg</texture>
                </control>
                <animation effect="fade" start="0" end="100" time="200" delay="0" tween="quadratic">WindowOpen</animation>
                <animation effect="fade" start="0" end="100" time="200" delay="300" tween="quadratic">Visible</animation>
            </control>
            <control type="image" id="100000">
                <left>-2160</left>
                <width>1</width>
                <height>1</height>
                <texture background="true" fallback="special://skin/extras/views/cars.jpg">$INFO[Window.Property(Fanart)]</texture>
            </control>
            <control type="group">
                <visible>Skin.HasSetting(BlurEnabled)</visible>
                <right>95</right>
                <width>1280</width>
                <top>230</top>
                <height>614</height>
                <control type="image">
                    <texture background="true">$INFO[Window(home).Property(MyProp_blurred)]</texture>
                    <fadetime>600</fadetime>
                    <animation effect="fade" end="20" start="100" time="0" condition="Integer.IsEqual(Skin.String(BackgroundBlur),20)">Conditional</animation>
                    <animation effect="fade" end="40" start="100" time="0" condition="Integer.IsEqual(Skin.String(BackgroundBlur),40)">Conditional</animation>
                    <animation effect="fade" end="60" start="100" time="0" condition="Integer.IsEqual(Skin.String(BackgroundBlur),60)">Conditional</animation>
                    <animation effect="fade" end="80" start="100" time="0" condition="Integer.IsEqual(Skin.String(BackgroundBlur),80)">Conditional</animation>
                </control>
                <animation effect="fade" start="0" end="100" time="200" delay="0" tween="quadratic">WindowOpen</animation>
                <animation effect="fade" start="0" end="100" time="200" delay="300" tween="quadratic">Visible</animation>
            </control>
            <control type="group">
                <visible>Skin.HasSetting(NoBlurFoto)</visible>
                <right>95</right>
                <width>1280</width>
                <top>230</top>
                <height>614</height>
                <control type="image">
                    <texture background="true" fallback="special://skin/extras/views/cars.jpg">special://skin/extras/views/cars.jpg</texture>
                    <fadetime>600</fadetime>
                </control>
                <animation effect="fade" start="100" end="0" time="200" delay="0" tween="quadratic">Hidden</animation>
                <animation effect="fade" start="0" end="100" time="200" delay="0" tween="quadratic">Visible</animation>
            </control>
            <control type="group">
                <right>95</right>
                <width>1280</width>
                <top>230</top>
                <height>614</height>
                <control type="image" description="Background">
                    <texture>common/bg.png</texture>
                    <include condition="Skin.HasSetting(BlurEnabled)">Overlay510Blur</include>
                    <include condition="!Skin.HasSetting(BlurEnabled)">Overlay510</include>
                </control>
                <animation effect="fade" start="100" end="0" time="200" delay="0" tween="quadratic">Hidden</animation>
                <animation effect="fade" start="0" end="100" time="200" delay="0" tween="quadratic">Visible</animation>
            </control>
            <control type="group">
                <right>95</right>
                <width>1280</width>
                <top>230</top>
                <height>614</height>
                <control type="image" description="FanartOverlay">
                    <texture>common/floor.png</texture>
                    <include condition="Skin.HasSetting(BlurEnabled)">IncludeFloorFadeBlur</include>
                    <include condition="!Skin.HasSetting(BlurEnabled)">IncludeFloorFade</include>
                </control>
                <animation effect="fade" start="100" end="0" time="200" delay="0" tween="quadratic">Hidden</animation>
                <animation effect="fade" start="0" end="100" time="200" delay="0" tween="quadratic">Visible</animation>
            </control>
            <control type="grouplist" id="9000">
                <description>Control Area</description>
                <left>80</left>
                <width>680</width>
                <top>340</top>
                <height>426</height>
                <orientation>vertical</orientation>
                <pagecontrol>1224</pagecontrol>
                <usecontrolcoords>true</usecontrolcoords>
                <ondown>9100</ondown>
                <onup>9100</onup>
                <onleft>9100</onleft>
                <onright>9100</onright>
                <control type="button" id="9003">
                    <onback>Skin.Reset(NoBlurFoto)</onback>
                    <label>$LOCALIZE[37639] (1-9)</label>
                    <label2>$INFO[Skin.String(BlurRadius)]</label2>
                    <onclick>ActivateWindow(1281)</onclick>
                    <include>DefDialogButtonsBlur</include>
                </control>
                <control type="button" id="9098">
                    <onback>Skin.Reset(NoBlurFoto)</onback>
                    <label>$LOCALIZE[37727]:</label>
                    <label2>$VAR[BackgroundBlurLabel]%</label2>
                    <onclick condition="Integer.IsEqual(Skin.String(BackgroundBlur),100) | String.IsEmpty(Skin.String(BackgroundBlur))">Skin.SetString(BackgroundBlur,80)</onclick>
                    <onclick condition="Integer.IsEqual(Skin.String(BackgroundBlur),80)">Skin.SetString(BackgroundBlur,60)</onclick>
                    <onclick condition="Integer.IsEqual(Skin.String(BackgroundBlur),60)">Skin.SetString(BackgroundBlur,40)</onclick>
                    <onclick condition="Integer.IsEqual(Skin.String(BackgroundBlur),40)">Skin.SetString(BackgroundBlur,20)</onclick>
                    <onclick condition="Integer.IsEqual(Skin.String(BackgroundBlur),20)">Skin.SetString(BackgroundBlur,100)</onclick>
                    <include>DefDialogButtonsBlur</include>
                </control>
                <control type="radiobutton" id="9099">
                    <onback>Skin.Reset(NoBlurFoto)</onback>
                    <label>37593</label>
                    <selected>Skin.HasSetting(BlurOnHome)</selected>
                    <onclick>Skin.ToggleSetting(BlurOnHome)</onclick>
                    <textureradiofocus colordiffuse="PanelWhite70">buttons/radio-on.png</textureradiofocus>
                    <textureradionofocus colordiffuse="PanelWhite70">buttons/radio-off.png</textureradionofocus>
                    <include>DefContextButtonBlur</include>
                </control>
                <control type="button" id="9045">
                    <onback>Skin.Reset(NoBlurFoto)</onback>
                    <label>$LOCALIZE[37812]</label>
                    <label2>$VAR[FadetimeLabel]</label2>
                    <include>DefContextButtonBlur</include>
                    <onclick condition="Integer.IsEqual(Skin.String(Fadetime),600) | String.IsEmpty(Skin.String(Fadetime))">Skin.SetString(Fadetime,1800)</onclick>
                    <onclick condition="Integer.IsEqual(Skin.String(Fadetime),1800)">Skin.SetString(Fadetime,3600)</onclick>
                    <onclick condition="Integer.IsEqual(Skin.String(Fadetime),3600)">Skin.SetString(Fadetime,600)</onclick>
                    <ondown>SetFocus(9199)</ondown>
                </control>
            </control>
            <control type="scrollbar" id="1224">
                <onback>50</onback>
                <left>534</left>
                <posy>340</posy>
                <height>425</height>
                <width>8</width>
                <onleft>50</onleft>
                <onright>290000</onright>
                <texturesliderbackground border="4" colordiffuse="Dark4">scrollbar/scrollv.png</texturesliderbackground>
                <texturesliderbar border="4" colordiffuse="Dark3">scrollbar/scrollv.png</texturesliderbar>
                <texturesliderbarfocus border="4" colordiffuse="Dark2">scrollbar/scrollv.png</texturesliderbarfocus>
                <orientation>vertical</orientation>
                <showonepage>false</showonepage>
                <animation effect="fade" start="100" end="0" time="400" condition="ControlGroup(9100).HasFocus()">Conditional</animation>
            </control>
            <control type="grouplist" id="9100">
                <left>110</left>
                <top>760</top>
                <onup>9045</onup>
                <orientation>horizontal</orientation>
                <include>listdimensions</include>
                <control type="radiobutton" id="9199">
                    <onback>Skin.Reset(NoBlurFoto)</onback>
                    <ondown>9001</ondown>
                    <onright>9200</onright>
                    <label>Yes</label>
                    <onclick>Close</onclick>
                    <include>buttondimensionssquareblur</include>
                    <include content="buttontextures">
                        <param name="icon" value="buttonsdialogs/enabled.png"/>
                        <param name="color" value="Black30" />
                    </include>
                </control>
                <control type="radiobutton" id="9200">
                    <onback>Skin.Reset(NoBlurFoto)</onback>
                    <ondown>9001</ondown>
                    <onright>9201</onright>
                    <label>No</label>
                    <onclick>Skin.SetString(BlurRadius,6)</onclick>
                    <onclick>RunScript(script.embuary.helper,action=blurimg,file='"special://skin/extras/views/cars.jpg"',prop=MyProp)</onclick>
                    <include>buttondimensionssquareblur</include>
                    <include content="buttontextures">
                        <param name="icon" value="buttonsdialogs/update.png"/>
                        <param name="color" value="Black30" />
                    </include>
                </control>
                <control type="radiobutton" id="9202">
                    <onback>Skin.Reset(NoBlurFoto)</onback>
                    <include>buttondimensionssquareblur</include>
                    <texturenofocus colordiffuse="Black30" border="0">common/boxsquare.png</texturenofocus>
                    <texturefocus colordiffuse="$VAR[ColorHighlight]" border="0">common/boxsquare.png</texturefocus>
                    <textureradioonfocus colordiffuse="FFFFFFFF">buttonsdialogs/choose_image.png</textureradioonfocus>
                    <textureradioonnofocus colordiffuse="FFFFFFFF">buttonsdialogs/choose_image.png</textureradioonnofocus>
                    <textureradioofffocus colordiffuse="FFFFFFFF">buttonsdialogs/choose_image_blur.png</textureradioofffocus>
                    <textureradiooffnofocus colordiffuse="FFFFFFFF">buttonsdialogs/choose_image_blur.png</textureradiooffnofocus>
                    <textcolor>Dark4</textcolor>
                    <font>Null</font>
                    <selected>!Skin.HasSetting(NoBlurFoto)</selected>
                    <onclick condition="System.HasAddon(script.colorbox)">Skin.ToggleSetting(NoBlurFoto)</onclick>
                </control>
            </control>
        </control>
    </controls>
</window>