<?xml version="1.0" encoding="UTF-8"?>
<!-- Foundation -->
<window type="buttonMenu" id="111">
    <defaultcontrol always="true">3110</defaultcontrol>
    
    <zorder>10</zorder>
    <controls>

        <include>GlobalOverlay</include>

        <control type="group">
            <include>Animation.ZoomIn</include>
            <top>200</top>
            <centerleft>50%</centerleft>
            <width>466</width>
            <control type="group">
                <control type="image">
                    <description>arrow image</description>
                    <centerleft>50%</centerleft>
                    <posy>-32</posy>
                    <width>16</width>
                    <height>16</height>
                    <texture colordiffuse="White70" flipy="true">common/arrow-small.png</texture>
                </control>
                <control type="image">
                    <description>arrow image</description>
                    <centerleft>50%</centerleft>
                    <posy>680</posy>
                    <width>16</width>
                    <height>16</height>
                    <texture colordiffuse="White70" flipy="false">common/arrow-small.png</texture>
                </control>
            </control>
            <control type="image">
                <description>background image</description>
                <posx>0</posx>
                <posy>-16</posy>
                <width>466</width>
                <height>695</height>
                <texture border="16" colordiffuse="White100">common/rounded-shadow8.png</texture>
            </control>
            
            <control type="group">
				<left>25</left>
				<top>10</top>
				<control type="label">
					<description>Header Label</description>
					<left>70</left>
					<width>1000</width>
					<posy>0</posy>
					<include>FontTop</include>
					<textcolor>Dark2</textcolor>
					<label>37662</label>
				</control>
				
				<control type="image">
					<top>15</top>
					<left>15</left>
					<width>40</width>
					<height>40</height>
					<colordiffuse>$VAR[ColorKodiLogo]</colordiffuse>
					<texture>buttons/kodi-logo.png</texture>
				</control>
				
				<!-- Lines -->
				<control type="image">
					<top>70</top>
					<left>17</left>
					<width>350</width>
					<height>1</height>
					<bottom>10</bottom>
					<colordiffuse>Black12</colordiffuse>
					<texture>common/white.png</texture>
				</control>
			</control>

            <control type="grouplist" id="3110">
                <description>grouplist for context buttons</description>
                <posx>8</posx>
                <posy>100</posy>
                <width>510</width>
                <height>560</height>
                <itemgap>0</itemgap>

                <control type="button" id="3111">
                    <description>Exit XBMC button</description>
                    <include>DefContextButton</include>
                    <label>13012</label>
                    <onclick>Quit()</onclick>
                    <visible>System.ShowExitButton</visible>
                    <align>left</align>
                </control>

                <control type="button" id="3113">
                    <description>Master mode button</description>
                    <include>DefContextButton</include>
                    <label>20046</label>
                    <altlabel>20045</altlabel>
                    <onclick>Mastermode</onclick>
                    <visible>System.HasLocks</visible>
                    <align>left</align>
                </control>

                <control type="button" id="3114">
                    <description>LogOff Profile</description>
                    <include>DefContextButton</include>
                    <label>$LOCALIZE[20126]: $INFO[system.profilename]</label>
                    <onclick>dialog.close(all,true)</onclick>
                    <onclick>System.LogOff</onclick>
                    <visible>System.Loggedon</visible>
                    <align>left</align>
                </control>

                <control type="button" id="3115">
                    <description>Shutdown</description>
                    <include>DefContextButton</include>
                    <label>13005</label>
                    <onclick>Powerdown()</onclick>
                    <visible>System.CanPowerDown</visible>
                    <align>left</align>
                </control>
                
                <control type="button" id="3116">
                    <description>Custom Shutdown Timer button</description>
                    <include>DefContextButton</include>
                    <label>20151</label>
                    <onclick>CancelAlarm(shutdowntimer)</onclick>
                    <visible>System.HasAlarm(shutdowntimer)</visible>
                    <align>left</align>
                </control>

                <control type="button" id="3117">
                    <description>Custom Shutdown Timer button</description>
                    <include>DefContextButton</include>
                    <label>20150</label>
                    <onclick>AlarmClock(shutdowntimer,Shutdown())</onclick>
                    <visible>!System.HasAlarm(shutdowntimer)</visible>
                    <visible>System.CanPowerDown | System.CanSuspend | System.CanHibernate</visible>
                    <align>left</align>
                </control>

                <control type="label" id="3118">
                    <description>Alarm Time</description>
                    <include>DefContextButton</include>
                    <align>center</align>
                    <label>$LOCALIZE[20145] [B]$INFO[System.Alarmpos][/B]</label>
                    <visible>System.HasAlarm(shutdowntimer)</visible>
                    <align>left</align>
                </control>

                <control type="button" id="3119">
                    <description>Suspend xbmc</description>
                    <include>DefContextButton</include>
                    <label>13011</label>
                    <onclick>Suspend()</onclick>
                    <visible>System.CanSuspend</visible>
                    <align>left</align>
                </control>

                <control type="button" id="3120">
                    <description>Reboot button</description>
                    <include>DefContextButton</include>
                    <label>13013</label>
                    <onclick>Reset()</onclick>
                    <visible>System.CanReboot</visible>
                    <align>left</align>
                </control>
                
                <control type="button" id="3121">
                    <description>Reboot button</description>
                    <include>DefContextButton</include>
                    <label>37703</label>
					<onclick>System.ExecWait("/usr/sbin/rebootfromnand")</onclick>
					<onclick>Reset()</onclick>
					<visible>System.CanReboot</visible>
                    <align>left</align>
                </control>
                
                <control type="button" id="3122">
                    <description>Leia Mod Skin Settings</description>
                    <include>DefContextButton</include>
                    <label>$LOCALIZE[37663]</label>
					<onclick>ActivateWindowAndFocus(skinsettings,9108,2)</onclick>
                    <align>left</align>
                    <visible>System.Loggedon</visible>
                </control>
                
                <control type="button" id="3123">
                    <include>DefContextButton</include>
                    <label>5</label>
                    <onclick>ActivateWindow(settings)</onclick>
                    <align>left</align>
                    <visible>System.Loggedon</visible>
                </control>
                
                <control type="button" id="3124">
                    <include>DefContextButton</include>
                    <label>130</label>
                    <onclick>ActivateWindow(systeminfo)</onclick>
                    <align>left</align>
                </control>
                
                <control type="button" id="3125">
                    <include>DefContextButton</include>
                    <label>10003</label>
                    <onclick>ActivateWindow(filemanager)</onclick>
                    <align>left</align>
                    <visible>System.Loggedon</visible>
                </control>
                
                <control type="button" id="3126">
                    <include>DefContextButton</include>
                    <label>31195</label>
                    <onclick>ReloadSkin()</onclick>
                    <align>left</align>
                </control>
                
            </control>

        </control>

    </controls>

</window>
