<?xml version="1.0" encoding="UTF-8"?>
<window>
    <defaultcontrol always="true">401</defaultcontrol>
    <onload>ClearProperty(skinshortcuts-Widget,Home)</onload>
    <onunload>ClearProperty(skinshortcuts-Widget,Home)</onunload>
    <controls>
        <include>GlobalOverlay</include>
        <control type="group">
            <include>Animation.FadeIn.Slide</include>
            <centerleft>50%</centerleft>
            <centertop>50%</centertop>
            <width>1550</width>
            <height>680</height>
            <control type="image">
                <description>background image</description>
                <top>0</top>
                <bottom>0</bottom>
                <left>0</left>
                <right>0</right>
                <texture border="16" colordiffuse="White100">common/rounded-shadow8.png</texture>
            </control>
            <control type="label" id="500">
                <include>DefDialogHeader</include>
                <label/>
            </control>
            <include content="Kodi_Logo">
                <param name="dimensions" value="40"/>
                <param name="top" value="40"/>
                <param name="left" value="40"/>
            </include>

            <!-- Lines -->
            <control type="image">
                <top>95</top>
                <left>40</left>
                <right>40</right>
                <height>1</height>
                <bottom>10</bottom>
                <colordiffuse>Black12</colordiffuse>
                <texture>common/white.png</texture>
            </control>

            <!-- Left List: Current Shortcuts -->
            <control type="list" id="211">
                <description>Rules List Control</description>
                <left>15</left>
                <bottom>15</bottom>
                <width>600</width>
                <height>552</height>
                <onup>211</onup>
                <onleft>211</onleft>
                <onright>9100</onright>
                <ondown>211</ondown>
                <scrolltime>0</scrolltime>
                <itemlayout width="600" height="69">
                    <control type="image">
                        <posx>0</posx>
                        <posy>0</posy>
                        <width>100%</width>
                        <height>66</height>
                        <texture border="5" colordiffuse="Black12">common/box.png</texture>
                    </control>
                    <control type="label">
                        <left>30</left>
                        <right>30</right>
                        <info>ListItem.Label</info>
                    </control>
                    <control type="image">
                        <right>15</right>
                        <top>0</top>
                        <width>66</width>
                        <height>66</height>
                        <texture colordiffuse="Black30">$INFO[ListItem.Icon]</texture>
                        <visible>Skin.HasSetting(home.showicons) | String.Contains(Window.Property(groupname),x111)</visible>
                    </control>
                </itemlayout>
                <focusedlayout width="600" height="69">
                    <control type="image">
                        <posx>0</posx>
                        <posy>0</posy>
                        <width>100%</width>
                        <height>66</height>
                        <texture border="5" colordiffuse="$VAR[ColorSelectOtherBar]">common/box.png</texture>
                    </control>
                    <control type="image">
                        <width>100%</width>
                        <height>66</height>
                        <texture border="8" colordiffuse="$VAR[ColorHighlightOtherBar]">common/gradient-box-wide.png</texture>
                    </control>
                    <control type="image">
                        <posx>0</posx>
                        <posy>0</posy>
                        <width>100%</width>
                        <height>66</height>
                        <texture border="5" colordiffuse="PanelBlack30">common/box.png</texture>
                        <visible>false</visible>
                    </control>
                    <control type="label">
                        <left>30</left>
                        <right>30</right>
                        <info>ListItem.Label</info>
                        <textcolor>Selected</textcolor>
                    </control>
                    <control type="image">
                        <right>15</right>
                        <top>0</top>
                        <width>66</width>
                        <height>66</height>
                        <texture colordiffuse="Black30">$INFO[ListItem.Icon]</texture>
                        <visible>Skin.HasSetting(home.showicons) | String.Contains(Window.Property(groupname),x111)</visible>
                    </control>
                </focusedlayout>
            </control>
            <control type="grouplist" id="9200">
                <left>0</left>
                <top>114</top>
                <width>600</width>
                <align>right</align>
                <itemgap>-20</itemgap>
                <onright>9100</onright>
                <onup>Control.Move(211,-1)</onup>
                <ondown>Control.Move(211,1)</ondown>
                <orientation>horizontal</orientation>
                <animation effect="slide" end="-48" condition="Skin.HasSetting(home.showicons) | String.Contains(Window.Property(groupname),x111)">Conditional</animation>
                <animation effect="slide" end="0,69" condition="Integer.IsGreater(Container(211).Position,0)">Conditional</animation>
                <animation effect="slide" end="0,69" condition="Integer.IsGreater(Container(211).Position,1)">Conditional</animation>
                <animation effect="slide" end="0,69" condition="Integer.IsGreater(Container(211).Position,2)">Conditional</animation>
                <animation effect="slide" end="0,69" condition="Integer.IsGreater(Container(211).Position,3)">Conditional</animation>
                <animation effect="slide" end="0,69" condition="Integer.IsGreater(Container(211).Position,4)">Conditional</animation>
                <animation effect="slide" end="0,69" condition="Integer.IsGreater(Container(211).Position,5)">Conditional</animation>
                <animation effect="slide" end="0,69" condition="Integer.IsGreater(Container(211).Position,6)">Conditional</animation>
                <animation effect="slide" end="0,69" condition="Integer.IsGreater(Container(211).Position,7)">Conditional</animation>
                <animation effect="slide" end="0,69" condition="Integer.IsGreater(Container(211).Position,8)">Conditional</animation>
                <animation effect="slide" end="0,69" condition="Integer.IsGreater(Container(211).Position,9)">Conditional</animation>
                <animation effect="slide" end="0,69" condition="Integer.IsGreater(Container(211).Position,10)">Conditional</animation>
                <animation effect="slide" end="0,69" condition="Integer.IsGreater(Container(211).Position,11)">Conditional</animation>
                <control type="button" id="302" description="Delete">
                    <width>64</width>
                    <height>64</height>
                    <font>Null</font>
                    <texturenofocus colordiffuse="Black30">buttons/delete.png</texturenofocus>
                    <texturefocus colordiffuse="Selected">buttons/delete.png</texturefocus>
                    <onfocus>ClearProperty(skinshortcuts-Widget,Home)</onfocus>
                </control>
                <control type="button" id="301" description="Add">
                    <width>64</width>
                    <height>64</height>
                    <font>Null</font>
                    <texturenofocus colordiffuse="Black30">buttons/add.png</texturenofocus>
                    <texturefocus colordiffuse="Selected">buttons/add.png</texturefocus>
                    <onfocus>ClearProperty(skinshortcuts-Widget,Home)</onfocus>
                </control>
                <control type="button" id="303" description="Up">
                    <width>64</width>
                    <height>64</height>
                    <font>Null</font>
                    <texturenofocus colordiffuse="Black30">buttons/moveup.png</texturenofocus>
                    <texturefocus colordiffuse="Selected">buttons/moveup.png</texturefocus>
                    <onfocus>ClearProperty(skinshortcuts-Widget,Home)</onfocus>
                </control>
                <control type="button" id="304" description="Down">
                    <width>64</width>
                    <height>64</height>
                    <font>Null</font>
                    <texturenofocus colordiffuse="Black30" flipy="true">buttons/moveup.png</texturenofocus>
                    <texturefocus colordiffuse="Selected" flipy="true">buttons/moveup.png</texturefocus>
                    <onfocus>ClearProperty(skinshortcuts-Widget,Home)</onfocus>
                </control>
            </control>

            <!-- Home -->
            <include content="Def_Gradient_Settings_Image_Shortcuts">
                <param name="controlid" value="9100"/>
                <param name="width" value="905"/>
                <param name="left" value="630"/>
                <param name="top" value="113"/>
                <param name="height" value="66"/>
                <param name="slide" value="69"/>
                <param name="border" value="8"/>
                <param name="image" value="common/box.png"/>
            </include>
            <include content="Def_Gradient_Settings_Image_Shortcuts">
                <param name="controlid" value="9300"/>
            </include>
            <include content="Def_Gradient_Settings_Image_Shortcuts">
                <param name="controlid" value="9400"/>
            </include>
            <include content="Def_Gradient_Settings_Image_Shortcuts">
                <param name="controlid" value="9500"/>
            </include>
            <include content="Def_Gradient_Settings_Image_Shortcuts">
                <param name="controlid" value="9600"/>
            </include>
            <include content="Def_Gradient_Settings_Image_Shortcuts">
                <param name="controlid" value="9700"/>
            </include>
            <control type="grouplist" id="9100">
                <scrolltime>0</scrolltime>
                <onleft>304</onleft>
                <onright>303</onright>
                <onup>9100</onup>
                <ondown>9100</ondown>
                <right>15</right>
                <bottom>18</bottom>
                <width>905</width>
                <height>549</height>
                <orientation>vertical</orientation>
                <itemgap>3</itemgap>
                <control type="button" id="401" description="Alt chooser">
                    <width>100%</width>
                    <height>66</height>
                    <texturenofocus colordiffuse="Black12" border="5">common/box.png</texturenofocus>
                    <align>left</align>
                    <include>DefDialogButtonsGradient</include>
                    <visible>String.IsEmpty(Window(Home).Property(skinshortcuts-Widget))</visible>
                </control>
                <control type="button" id="307" description="Custom">
                    <width>100%</width>
                    <height>66</height>
                    <label>31267</label>
                    <label2>$INFO[Container(211).ListItem.Property(Path)]</label2>
                    <texturenofocus colordiffuse="Black12" border="5">common/box.png</texturenofocus>
                    <align>left</align>
                    <include>DefDialogButtonsGradient</include>
                    <visible>String.IsEmpty(Window(Home).Property(skinshortcuts-Widget))</visible>
                </control>
                <control type="button" id="305" description="Set Label">
                    <width>100%</width>
                    <height>66</height>
                    <label>31268</label>
                    <label2>$INFO[Container(211).ListItem.Label]</label2>
                    <texturenofocus colordiffuse="Black12" border="5">common/box.png</texturenofocus>
                    <align>left</align>
                    <include>DefDialogButtonsGradient</include>
                    <visible>String.IsEmpty(Window(Home).Property(skinshortcuts-Widget))</visible>
                </control>
                <include>WidgetSelector</include>
                <control type="button" id="4191" description="Set Label">
                    <width>100%</width>
                    <height>66</height>
                    <label>$LOCALIZE[37794] "$INFO[Container(211).ListItem.Label]"</label>
                    <label2>$VAR[LabelwidgetListType]</label2>
                    <texturenofocus colordiffuse="Black12" border="5">common/box.png</texturenofocus>
                    <align>left</align>
                    <include>DefDialogButtonsGradient</include>
                    <visible>String.IsEqual(Window.Property(groupname),mainmenu)</visible>
                    <visible>String.IsEmpty(Window(Home).Property(skinshortcuts-Widget)) + [[Skin.HasSetting(home.vertical) + Skin.HasSetting(home.vertical.widgets)] | [Skin.HasSetting(home.modernwidgets)  + Skin.HasSetting(home.vertical.widgets)]]</visible>
                </control>
                <control type="button" id="310" description="Background">
                    <width>100%</width>
                    <height>66</height>
                    <label>31110</label>
                    <label2>$INFO[Container(211).ListItem.Property(background)]</label2>
                    <visible>String.IsEqual(Window.Property(groupname),mainmenu)</visible>
                    <texturenofocus colordiffuse="Black12" border="5">common/box.png</texturenofocus>
                    <align>left</align>
                    <include>DefDialogButtonsGradient</include>
                    <visible>String.IsEqual(Window.Property(groupname),mainmenu)</visible>
                    <visible>String.IsEmpty(Window(Home).Property(skinshortcuts-Widget))</visible>
                </control>
                <control type="button" id="311" description="Browse for Thumb">
                    <width>100%</width>
                    <height>66</height>
                    <label>31181</label>
                    <texturenofocus colordiffuse="Black12" border="5">common/box.png</texturenofocus>
                    <align>left</align>
                    <include>DefDialogButtonsGradient</include>
                    <visible>String.Contains(Window.Property(groupname),x111) | Skin.HasSetting(home.showicons) | [String.Contains(Window(Home).Property(Symbols),yes) + !Control.IsVisible(405)]</visible>
                    <visible>String.IsEmpty(Window(Home).Property(skinshortcuts-Widget))</visible>
                </control>
                <control type="button" id="405" description="Set Submenu">
                    <width>100%</width>
                    <height>66</height>
                    <label>31112</label>
                    <visible>String.IsEqual(Window.Property(groupname),mainmenu)</visible>
                    <texturenofocus colordiffuse="Black12" border="5">common/box.png</texturenofocus>
                    <align>left</align>
                    <include>DefDialogButtonsGradient</include>
                    <visible>!String.IsEqual(Container(211).ListItem.Label2,MovieHub) + !String.IsEqual(Container(211).ListItem.Label2,TVHub)</visible>
                    <visible>String.IsEmpty(Window(Home).Property(skinshortcuts-Widget))</visible>
                    <onclick condition="String.IsEqual(Container(211).ListItem.Property(widget),mysubmenu)">SetProperty(Symbols,yes,Home)</onclick>
                    <onclick condition="!String.IsEqual(Container(211).ListItem.Property(widget),mysubmenu)">ClearProperty(Symbols,Home)</onclick>
                </control>
                <include content="Defs_Shortcuts_SetHub">
                    <param name="hubid" value="1111"/>
                    <param name="buttonid1" value="9301"/>
                    <param name="buttonid2" value="9501"/>
                </include>
                <include content="Defs_Shortcuts_SetHub">
                    <param name="hubid" value="1112"/>
                    <param name="buttonid1" value="9302"/>
                    <param name="buttonid2" value="9502"/>
                </include>
                <include content="Defs_Shortcuts_SetHub">
                    <param name="hubid" value="1113"/>
                    <param name="buttonid1" value="9303"/>
                    <param name="buttonid2" value="9503"/>
                </include>
                <include content="Defs_Shortcuts_SetHub">
                    <param name="hubid" value="1114"/>
                    <param name="buttonid1" value="9304"/>
                    <param name="buttonid2" value="9504"/>
                </include>
                <include content="Defs_Shortcuts_SetHub">
                    <param name="hubid" value="1115"/>
                    <param name="buttonid1" value="9305"/>
                    <param name="buttonid2" value="9505"/>
                </include>
                <include content="Defs_Shortcuts_SetHub">
                    <param name="hubid" value="1116"/>
                    <param name="buttonid1" value="9306"/>
                    <param name="buttonid2" value="9506"/>
                </include>
                <include content="Defs_Shortcuts_SetHub">
                    <param name="hubid" value="1117"/>
                    <param name="buttonid1" value="9307"/>
                    <param name="buttonid2" value="9507"/>
                </include>
                <include content="Defs_Shortcuts_SetHub">
                    <param name="hubid" value="1118"/>
                    <param name="buttonid1" value="9308"/>
                    <param name="buttonid2" value="9508"/>
                </include>
                <include content="Defs_Shortcuts_SetHub">
                    <param name="hubid" value="1119"/>
                    <param name="buttonid1" value="9309"/>
                    <param name="buttonid2" value="9509"/>
                </include>
                <control type="button" id="308" description="Reset">
                    <width>100%</width>
                    <height>66</height>
                    <texturenofocus colordiffuse="Black12" border="5">common/box.png</texturenofocus>
                    <align>left</align>
                    <include>DefDialogButtonsGradient</include>
                    <visible>String.IsEmpty(Window(Home).Property(skinshortcuts-Widget))</visible>
                </control>
            </control>

            <!-- Widget 1 -->
            <control type="grouplist" id="9300">
                <onleft>ClearProperty(skinshortcuts-Widget,Home)</onleft>
                <onleft>SetFocus(7011)</onleft>
                <onright>ClearProperty(skinshortcuts-Widget,Home)</onright>
                <onright>SetFocus(7011)</onright>
                <onback>ClearProperty(skinshortcuts-Widget,Home)</onback>
                <onup>9300</onup>
                <ondown>9300</ondown>
                <right>15</right>
                <bottom>18</bottom>
                <width>905</width>
                <height>549</height>
                <orientation>vertical</orientation>
                <itemgap>3</itemgap>
                <visible>String.IsEqual(Window(Home).Property(skinshortcuts-Widget),1)</visible>
                <control type="button" id="9451" description="Widget">
                    <width>100%</width>
                    <height>66</height>
                    <label>$LOCALIZE[31266] 1</label>
                    <label2>$VAR[LabelWidgetShortcutsName]</label2>
                    <visible>String.IsEqual(Window.Property(groupname),mainmenu)</visible>
                    <texturenofocus colordiffuse="Black12" border="5">common/box.png</texturenofocus>
                    <align>left</align>
                    <include>DefDialogButtonsGradient</include>
                    <visible allowhiddenfocus="true">String.IsEqual(Window(Home).Property(skinshortcuts-Widget),1)</visible>
                    <onclick>SendClick(312)</onclick>
                </control>
                <control type="radiobutton" id="10030" description="Widget Aspect">
                    <radioposx>845</radioposx>
                    <selected>String.IsEqual(Container(211).ListItem.Property(widgetFullscreen),yes)</selected>
                    <width>100%</width>
                    <height>66</height>
                    <label>$LOCALIZE[37885]</label>
                    <visible>String.IsEqual(Window.Property(groupname),mainmenu)</visible>
                    <texturenofocus colordiffuse="Black12" border="5">common/box.png</texturenofocus>
                    <align>left</align>
                    <include>DefDialogButtonsGradient</include>
                    <onclick>SetProperty(customProperty,widgetFullscreen)</onclick>
                    <onclick condition="!String.IsEqual(Container(211).ListItem.Property(widgetFullscreen),yes)">SetProperty(customValue,yes)</onclick>
                    <onclick condition="String.IsEqual(Container(211).ListItem.Property(widgetFullscreen),yes)">SetProperty(customValue,)</onclick>
                    <onclick>SendClick(404)</onclick>
                    <enable>[ $EXP[HomeIsModernMultiWidgets] | $EXP[HomeIsVerticalMultiWidgets] ] + !String.IsEqual(Container(211).ListItem.Property(widget),mysubmenu)</enable>
                </control>
                <control type="button" id="9401" description="Widget Aspect">
                    <width>100%</width>
                    <height>66</height>
                    <label>$LOCALIZE[31261]</label>
                    <label2>$VAR[LabelWidgetType]</label2>
                    <visible>String.IsEqual(Window.Property(groupname),mainmenu)</visible>
                    <texturenofocus colordiffuse="Black12" border="5">common/box.png</texturenofocus>
                    <align>left</align>
                    <include>DefDialogButtonsGradient</include>
                    <onclick>SetProperty(customProperty,widgetaspect)</onclick>
                    <onclick condition="!String.IsEqual(Container(211).ListItem.Property(widget),mysubmenu) + [String.IsEmpty(Container(211).ListItem.Property(widgetaspect)) | String.IsEqual(Container(211).ListItem.Property(widgetaspect),Poster)]">SetProperty(customValue,Square)</onclick>
                    <onclick condition="!String.IsEqual(Container(211).ListItem.Property(widget),mysubmenu) + String.IsEqual(Container(211).ListItem.Property(widgetaspect),Square)">SetProperty(customValue,Fanart)</onclick>
                    <onclick condition="!String.IsEqual(Container(211).ListItem.Property(widget),mysubmenu) + String.IsEqual(Container(211).ListItem.Property(widgetaspect),Fanart) + [$EXP[HomeIsModernMultiWidgets] | $EXP[HomeIsVerticalMultiWidgets]]">SetProperty(customValue,Banner)</onclick>
                    <onclick condition="!String.IsEqual(Container(211).ListItem.Property(widget),mysubmenu) + String.IsEqual(Container(211).ListItem.Property(widgetaspect),Banner) + [$EXP[HomeIsModernMultiWidgets] | $EXP[HomeIsVerticalMultiWidgets]]">SetProperty(customValue,Thumbnail)</onclick>
                    <onclick condition="!String.IsEqual(Container(211).ListItem.Property(widget),mysubmenu) + String.IsEqual(Container(211).ListItem.Property(widgetaspect),Fanart) + !$EXP[HomeIsModernMultiWidgets] + !$EXP[HomeIsVerticalMultiWidgets]">SetProperty(customValue,Thumbnail)</onclick>
                    <onclick condition="!String.IsEqual(Container(211).ListItem.Property(widget),mysubmenu) + String.IsEqual(Container(211).ListItem.Property(widgetaspect),Thumbnail)">SetProperty(customValue,Poster)</onclick>
                    <onclick condition="String.IsEqual(Container(211).ListItem.Property(widget),mysubmenu) + !String.IsEqual(Container(211).ListItem.Property(widgetaspect),Square)">SetProperty(customValue,Square)</onclick>
                    <onclick condition="String.IsEqual(Container(211).ListItem.Property(widget),mysubmenu) + String.IsEqual(Container(211).ListItem.Property(widgetaspect),Square)">SetProperty(customValue,SquareSmall)</onclick>
                    <onclick condition="String.IsEqual(Container(211).ListItem.Property(widget),mysubmenu) + String.IsEqual(Container(211).ListItem.Property(widgetaspect),SquareSmall)">SetProperty(customValue,SquareMedium)</onclick>
                    <onclick>SendClick(404)</onclick>
                    <enable>!String.IsEqual(Container(211).ListItem.Property(widgettarget),system)</enable>
                </control>
                <control type="radiobutton" id="9411" description="Widget Aspect">
                    <radioposx>845</radioposx>
                    <selected>!String.IsEqual(Container(211).ListItem.Property(widgetClearLogoThumb),no)</selected>
                    <width>100%</width>
                    <height>66</height>
                    <label>$LOCALIZE[37742]$LOCALIZE[37796]</label>
                    <visible>String.IsEqual(Window.Property(groupname),mainmenu)</visible>
                    <texturenofocus colordiffuse="Black12" border="5">common/box.png</texturenofocus>
                    <align>left</align>
                    <include>DefDialogButtonsGradient</include>
                    <visible>String.IsEqual(Container(211).ListItem.Property(widgetaspect),Thumbnail)</visible>
                    <onclick>SetProperty(customProperty,widgetClearLogoThumb)</onclick>
                    <onclick condition="!String.IsEqual(Container(211).ListItem.Property(widgetClearLogoThumb),no)">SetProperty(customValue,no)</onclick>
                    <onclick condition="String.IsEqual(Container(211).ListItem.Property(widgetClearLogoThumb),no)">SetProperty(customValue,)</onclick>
                    <onclick>SendClick(404)</onclick>
                </control>
                <control type="button" id="10001" description="Widget Aspect">
                    <width>100%</width>
                    <height>66</height>
                    <label>$LOCALIZE[37742]$LOCALIZE[37872]</label>
                    <label2>$VAR[LabelAspectRatio]</label2>
                    <visible>String.IsEqual(Window.Property(groupname),mainmenu)</visible>
                    <texturenofocus colordiffuse="Black12" border="5">common/box.png</texturenofocus>
                    <align>left</align>
                    <include>DefDialogButtonsGradient</include>
                    <visible>String.IsEqual(Container(211).ListItem.Property(widgetaspect),Square) | String.IsEqual(Container(211).ListItem.Property(widgetaspect),SquareMedium)</visible>
                    <enable>$EXP[HomeIsModernMultiWidgets] | $EXP[HomeIsVerticalMultiWidgets]</enable>
                </control>
                <control type="button" id="10301" description="Widget Edge Distance">
                    <width>100%</width>
                    <height>66</height>
                    <label>$LOCALIZE[37742]$LOCALIZE[37930]</label>
                    <label2>$VAR[LabelEdgeDistance]</label2>
                    <visible>String.IsEqual(Window.Property(groupname),mainmenu)</visible>
                    <texturenofocus colordiffuse="Black12" border="5">common/box.png</texturenofocus>
                    <align>left</align>
                    <include>DefDialogButtonsGradient</include>
                    <visible>String.IsEqual(Container(211).ListItem.Property(widgetaspect),Square)</visible>
                    <visible>!String.IsEqual(Container(211).ListItem.Property(widget),mysubmenu) + !String.Contains(Container(211).ListItem.Property(widget),weather) + !String.Contains(Container(211).ListItem.Property(widget),system)</visible>
                    <enable>[ $EXP[HomeIsModernMultiWidgets] | $EXP[HomeIsVerticalMultiWidgets] ]</enable>
                </control>
                <control type="button" id="9402" description="Widget Aspect">
                    <width>100%</width>
                    <height>66</height>
                    <label>581</label>
                    <label2>$VAR[LabelSortBy]</label2>
                    <visible>String.IsEqual(Window.Property(groupname),mainmenu)</visible>
                    <texturenofocus colordiffuse="Black12" border="5">common/box.png</texturenofocus>
                    <align>left</align>
                    <include>DefDialogButtonsGradient</include>
                </control>
                <control type="button" id="9403">
                    <description>Change widget 1 sort order</description>
                    <width>100%</width>
                    <height>66</height>
                    <include>DefDialogButtonsGradient</include>
                    <visible>String.IsEqual(Window.Property(groupname),mainmenu)</visible>
                    <texturenofocus colordiffuse="Black12" border="5">common/box.png</texturenofocus>
                    <align>left</align>
                    <label>580</label>
                    <label2>$VAR[LabelSort]</label2>
                </control>
                <control type="button" id="4196">
                    <description>Enable</description>
                    <width>100%</width>
                    <height>66</height>
                    <include>DefDialogButtonsGradient</include>
                    <visible>String.IsEqual(Window.Property(groupname),mainmenu)</visible>
                    <texturenofocus colordiffuse="Black12" border="5">common/box.png</texturenofocus>
                    <align>left</align>
                    <enable>[Skin.HasSetting(home.vertical.widgets) | [Skin.HasSetting(home.modernwidgets)  + Skin.HasSetting(home.vertical.widgets)]] + !String.IsEqual(Container(211).ListItem.Property(widgetListType),list)</enable>
                    <label>$LOCALIZE[37790]</label>
                    <label2>$VAR[AutoScrollTime1]</label2>
                    <visible>[Skin.HasSetting(home.vertical) + Skin.HasSetting(home.vertical.widgets)] | [Skin.HasSetting(home.modernwidgets)  + Skin.HasSetting(home.vertical.widgets)]</visible>
                </control>
                <control type="radiobutton" id="9404">
                    <description>Show Banner?</description>
                    <radioposx>845</radioposx>
                    <selected>String.IsEqual(Container(211).ListItem.Property(widgetBanner),yes)</selected>
                    <width>100%</width>
                    <height>66</height>
                    <include>DefDialogButtonsGradient</include>
                    <visible>String.IsEqual(Window.Property(groupname),mainmenu)</visible>
                    <texturenofocus colordiffuse="Black12" border="5">common/box.png</texturenofocus>
                    <align>left</align>
                    <enable>Skin.HasSetting(home.vertical)</enable>
                    <label>37709</label>
                    <visible>$EXP[HomeIsVertical]</visible>
                    <onclick>SetProperty(customProperty,widgetBanner)</onclick>
                    <onclick condition="!String.IsEqual(Container(211).ListItem.Property(widgetBanner),yes)">SetProperty(widgetBanner,yes)</onclick>
                    <onclick condition="String.IsEqual(Container(211).ListItem.Property(widgetBanner),yes)">SetProperty(widgetBanner,)</onclick>
                    <onclick>SendClick(404)</onclick>
                </control>
            </control>

            <!-- Widget 2 -->
            <control type="grouplist" id="9400">
                <onleft>ClearProperty(skinshortcuts-Widget,Home)</onleft>
                <onleft>SetFocus(7011)</onleft>
                <onright>ClearProperty(skinshortcuts-Widget,Home)</onright>
                <onright>SetFocus(7011)</onright>
                <onback>ClearProperty(skinshortcuts-Widget,Home)</onback>
                <onup>9400</onup>
                <ondown>9400</ondown>
                <right>15</right>
                <bottom>18</bottom>
                <width>905</width>
                <height>549</height>
                <orientation>vertical</orientation>
                <itemgap>3</itemgap>
                <visible>String.IsEqual(Window(Home).Property(skinshortcuts-Widget),2)</visible>
                <control type="button" id="4197">
                    <description>Enable</description>
                    <width>100%</width>
                    <height>66</height>
                    <include>DefDialogButtonsGradient</include>
                    <visible>String.IsEqual(Window.Property(groupname),mainmenu)</visible>
                    <texturenofocus colordiffuse="Black12" border="5">common/box.png</texturenofocus>
                    <align>left</align>
                    <enable>Skin.HasSetting(home.vertical.widgets)</enable>
                    <label>126</label>
                    <label2>$VAR[Enable2]</label2>
                    <visible allowhiddenfocus="true">String.IsEqual(Window(Home).Property(skinshortcuts-Widget),2)</visible>
                    <onclick condition="String.IsEmpty(Container(211).ListItem.Property(widgetEnable.2))">SetProperty(customProperty,widgetEnable.2)</onclick>
                    <onclick condition="String.IsEmpty(Container(211).ListItem.Property(widgetEnable.2))">SetProperty(customValue,yes)</onclick>
                    <onclick condition="String.IsEqual(Container(211).ListItem.Property(widgetEnable.2),yes)">SetProperty(customProperty,widgetEnable.2)</onclick>
                    <onclick condition="String.IsEqual(Container(211).ListItem.Property(widgetEnable.2),yes)">SetProperty(customValue,no)</onclick>
                    <onclick condition="String.IsEqual(Container(211).ListItem.Property(widgetEnable.2),no)">SetProperty(customProperty,widgetEnable.2)</onclick>
                    <onclick condition="String.IsEqual(Container(211).ListItem.Property(widgetEnable.2),no)">SetProperty(customValue,yes)</onclick>
                    <onclick>SendClick(404)</onclick>
                </control>
                <control type="button" id="9345" description="Widget">
                    <width>100%</width>
                    <height>66</height>
                    <label>$LOCALIZE[31266] 2</label>
                    <label2>$VAR[LabelWidgetShortcutsName2]</label2>
                    <onclick>SetProperty(widgetID,2)</onclick>
                    <visible>String.IsEqual(Window.Property(groupname),mainmenu)</visible>
                    <texturenofocus colordiffuse="Black12" border="5">common/box.png</texturenofocus>
                    <align>left</align>
                    <include>DefDialogButtonsGradient</include>
                    <onclick>SendClick(312)</onclick>
                </control>
                <control type="radiobutton" id="10031" description="Widget Aspect">
                    <radioposx>845</radioposx>
                    <selected>String.IsEqual(Container(211).ListItem.Property(widgetFullscreen.2),yes)</selected>
                    <width>100%</width>
                    <height>66</height>
                    <label>$LOCALIZE[37885]</label>
                    <visible>String.IsEqual(Window.Property(groupname),mainmenu)</visible>
                    <texturenofocus colordiffuse="Black12" border="5">common/box.png</texturenofocus>
                    <align>left</align>
                    <onclick>SetProperty(customProperty,widgetFullscreen.2)</onclick>
                    <onclick condition="!String.IsEqual(Container(211).ListItem.Property(widgetFullscreen.2),yes)">SetProperty(customValue,yes)</onclick>
                    <onclick condition="String.IsEqual(Container(211).ListItem.Property(widgetFullscreen.2),yes)">SetProperty(customValue,)</onclick>
                    <onclick>SendClick(404)</onclick>
                    <enable>$EXP[HomeIsModernMultiWidgets] | $EXP[HomeIsVerticalMultiWidgets]</enable>
                    <include>DefDialogButtonsGradient</include>
                </control>
                <control type="button" id="9521" description="Widget Aspect">
                    <width>100%</width>
                    <height>66</height>
                    <label>$LOCALIZE[31261]</label>
                    <label2>$VAR[LabelWidgetType2]</label2>
                    <onclick>SetProperty(widgetID,2)</onclick>
                    <visible>String.IsEqual(Window.Property(groupname),mainmenu)</visible>
                    <texturenofocus colordiffuse="Black12" border="5">common/box.png</texturenofocus>
                    <align>left</align>
                    <include>DefDialogButtonsGradient</include>
                    <onclick>SetProperty(customProperty,widgetaspect.2)</onclick>
                    <onclick condition="String.IsEmpty(Container(211).ListItem.Property(widgetaspect.2)) | String.IsEqual(Container(211).ListItem.Property(widgetaspect.2),Poster)">SetProperty(customValue,Square)</onclick>
                    <onclick condition="String.IsEqual(Container(211).ListItem.Property(widgetaspect.2),Square)">SetProperty(customValue,Fanart)</onclick>
                    <onclick condition="String.IsEqual(Container(211).ListItem.Property(widgetaspect.2),Fanart) + [$EXP[HomeIsModernMultiWidgets] | $EXP[HomeIsVerticalMultiWidgets]]">SetProperty(customValue,Banner)</onclick>
                    <onclick condition="String.IsEqual(Container(211).ListItem.Property(widgetaspect.2),Banner) + [$EXP[HomeIsModernMultiWidgets] | $EXP[HomeIsVerticalMultiWidgets]]">SetProperty(customValue,Thumbnail)</onclick>
                    <onclick condition="String.IsEqual(Container(211).ListItem.Property(widgetaspect.2),Fanart) + !$EXP[HomeIsModernMultiWidgets] + !$EXP[HomeIsVerticalMultiWidgets]">SetProperty(customValue,Thumbnail)</onclick>
                    <onclick condition="String.IsEqual(Container(211).ListItem.Property(widgetaspect.2),Thumbnail)">SetProperty(customValue,Poster)</onclick>
                    <onclick>SendClick(404)</onclick>
                    <enable>!String.IsEqual(Container(211).ListItem.Property(widgettarget.2),system)</enable>
                </control>
                <control type="radiobutton" id="9412" description="Widget Aspect">
                    <radioposx>845</radioposx>
                    <selected>!String.IsEqual(Container(211).ListItem.Property(widgetClearLogoThumb.2),no)</selected>
                    <width>100%</width>
                    <height>66</height>
                    <label>$LOCALIZE[37742]$LOCALIZE[37796]</label>
                    <visible>String.IsEqual(Window.Property(groupname),mainmenu)</visible>
                    <texturenofocus colordiffuse="Black12" border="5">common/box.png</texturenofocus>
                    <align>left</align>
                    <include>DefDialogButtonsGradient</include>
                    <visible>String.IsEqual(Container(211).ListItem.Property(widgetaspect.2),Thumbnail)</visible>
                    <onclick>SetProperty(customProperty,widgetClearLogoThumb.2)</onclick>
                    <onclick condition="!String.IsEqual(Container(211).ListItem.Property(widgetClearLogoThumb.2),no)">SetProperty(customValue,no)</onclick>
                    <onclick condition="String.IsEqual(Container(211).ListItem.Property(widgetClearLogoThumb.2),no)">SetProperty(customValue,)</onclick>
                    <onclick>SendClick(404)</onclick>
                </control>
                <control type="button" id="10002" description="Widget Aspect">
                    <width>100%</width>
                    <height>66</height>
                    <label>$LOCALIZE[37742]$LOCALIZE[37872]</label>
                    <label2>$VAR[LabelAspectRatio2]</label2>
                    <visible>String.IsEqual(Window.Property(groupname),mainmenu)</visible>
                    <texturenofocus colordiffuse="Black12" border="5">common/box.png</texturenofocus>
                    <align>left</align>
                    <include>DefDialogButtonsGradient</include>
                    <visible>String.IsEqual(Container(211).ListItem.Property(widgetaspect.2),Square)</visible>
                    <enable>!String.IsEqual(Container(211).ListItem.Property(widget.2),mysubmenu)</enable>
                </control>
                <control type="button" id="10302" description="Widget Edge Distance">
                    <width>100%</width>
                    <height>66</height>
                    <label>$LOCALIZE[37742]$LOCALIZE[37930]</label>
                    <label2>$VAR[LabelEdgeDistance2]</label2>
                    <visible>String.IsEqual(Window.Property(groupname),mainmenu)</visible>
                    <texturenofocus colordiffuse="Black12" border="5">common/box.png</texturenofocus>
                    <align>left</align>
                    <include>DefDialogButtonsGradient</include>
                    <visible>String.IsEqual(Container(211).ListItem.Property(widgetaspect.2),Square)</visible>
                    <visible>!String.IsEqual(Container(211).ListItem.Property(widget.2),mysubmenu) + !String.Contains(Container(211).ListItem.Property(widget.2),weather) + !String.Contains(Container(211).ListItem.Property(widget.2),system)</visible>
                </control>
                <control type="button" id="9792" description="Widget Aspect">
                    <width>100%</width>
                    <height>66</height>
                    <label>581</label>
                    <label2>$VAR[LabelSortBy2]</label2>
                    <visible>String.IsEqual(Window.Property(groupname),mainmenu)</visible>
                    <texturenofocus colordiffuse="Black12" border="5">common/box.png</texturenofocus>
                    <align>left</align>
                    <include>DefDialogButtonsGradient</include>
                </control>
                <control type="button" id="9793">
                    <description>Change widget 1 sort order</description>
                    <width>100%</width>
                    <height>66</height>
                    <include>DefDialogButtonsGradient</include>
                    <visible>String.IsEqual(Window.Property(groupname),mainmenu)</visible>
                    <texturenofocus colordiffuse="Black12" border="5">common/box.png</texturenofocus>
                    <align>left</align>
                    <label>580</label>
                    <label2>$VAR[LabelSort2]</label2>
                </control>
                <control type="button" id="4195">
                    <width>100%</width>
                    <height>66</height>
                    <include>DefDialogButtonsGradient</include>
                    <visible>String.IsEqual(Window.Property(groupname),mainmenu)</visible>
                    <texturenofocus colordiffuse="Black12" border="5">common/box.png</texturenofocus>
                    <align>left</align>
                    <enable>[Skin.HasSetting(home.vertical.widgets) | [Skin.HasSetting(home.modernwidgets)  + Skin.HasSetting(home.vertical.widgets)]] + !String.IsEqual(Container(211).ListItem.Property(widgetListType),list)</enable>
                    <label>$LOCALIZE[37790]</label>
                    <label2>$VAR[AutoScrollTime2]</label2>
                </control>
            </control>

            <!-- Widget 3 -->
            <control type="grouplist" id="9500">
                <onleft>ClearProperty(skinshortcuts-Widget,Home)</onleft>
                <onleft>SetFocus(7011)</onleft>
                <onright>ClearProperty(skinshortcuts-Widget,Home)</onright>
                <onright>SetFocus(7011)</onright>
                <onback>ClearProperty(skinshortcuts-Widget,Home)</onback>
                <onup>9500</onup>
                <ondown>9500</ondown>
                <right>15</right>
                <bottom>18</bottom>
                <width>905</width>
                <height>549</height>
                <orientation>vertical</orientation>
                <itemgap>3</itemgap>
                <visible>String.IsEqual(Window(Home).Property(skinshortcuts-Widget),3)</visible>
                <control type="button" id="4198">
                    <description>Enable</description>
                    <width>100%</width>
                    <height>66</height>
                    <include>DefDialogButtonsGradient</include>
                    <visible>String.IsEqual(Window.Property(groupname),mainmenu)</visible>
                    <texturenofocus colordiffuse="Black12" border="5">common/box.png</texturenofocus>
                    <align>left</align>
                    <label>126</label>
                    <label2>$VAR[Enable3]</label2>
                    <visible allowhiddenfocus="true">String.IsEqual(Window(Home).Property(skinshortcuts-Widget),3)</visible>
                    <onclick condition="String.IsEmpty(Container(211).ListItem.Property(widgetEnable.3))">SetProperty(customProperty,widgetEnable.3)</onclick>
                    <onclick condition="String.IsEmpty(Container(211).ListItem.Property(widgetEnable.3))">SetProperty(customValue,yes)</onclick>
                    <onclick condition="String.IsEqual(Container(211).ListItem.Property(widgetEnable.3),yes)">SetProperty(customProperty,widgetEnable.3)</onclick>
                    <onclick condition="String.IsEqual(Container(211).ListItem.Property(widgetEnable.3),yes)">SetProperty(customValue,no)</onclick>
                    <onclick condition="String.IsEqual(Container(211).ListItem.Property(widgetEnable.3),no)">SetProperty(customProperty,widgetEnable.3)</onclick>
                    <onclick condition="String.IsEqual(Container(211).ListItem.Property(widgetEnable.3),no)">SetProperty(customValue,yes)</onclick>
                    <onclick>SendClick(404)</onclick>
                </control>
                <control type="button" id="9346" description="Widget">
                    <width>100%</width>
                    <height>66</height>
                    <label>$LOCALIZE[31266] 3</label>
                    <label2>$VAR[LabelWidgetShortcutsName3]</label2>
                    <onclick>SetProperty(widgetID,3)</onclick>
                    <visible>String.IsEqual(Window.Property(groupname),mainmenu)</visible>
                    <texturenofocus colordiffuse="Black12" border="5">common/box.png</texturenofocus>
                    <align>left</align>
                    <include>DefDialogButtonsGradient</include>
                    <onclick>SendClick(312)</onclick>
                </control>
                <control type="radiobutton" id="10032" description="Widget Aspect">
                    <radioposx>845</radioposx>
                    <selected>String.IsEqual(Container(211).ListItem.Property(widgetFullscreen.3),yes)</selected>
                    <width>100%</width>
                    <height>66</height>
                    <label>$LOCALIZE[37885]</label>
                    <visible>String.IsEqual(Window.Property(groupname),mainmenu)</visible>
                    <texturenofocus colordiffuse="Black12" border="5">common/box.png</texturenofocus>
                    <align>left</align>
                    <onclick>SetProperty(customProperty,widgetFullscreen.3)</onclick>
                    <onclick condition="!String.IsEqual(Container(211).ListItem.Property(widgetFullscreen.3),yes)">SetProperty(customValue,yes)</onclick>
                    <onclick condition="String.IsEqual(Container(211).ListItem.Property(widgetFullscreen.3),yes)">SetProperty(customValue,)</onclick>
                    <onclick>SendClick(404)</onclick>
                    <include>DefDialogButtonsGradient</include>
                    <enable>$EXP[HomeIsModernMultiWidgets] | $EXP[HomeIsVerticalMultiWidgets]</enable>
                </control>
                <control type="button" id="9621" description="Widget Aspect">
                    <width>100%</width>
                    <height>66</height>
                    <label>$LOCALIZE[31261]</label>
                    <label2>$VAR[LabelWidgetType3]</label2>
                    <onclick>SetProperty(widgetID,3)</onclick>
                    <visible>String.IsEqual(Window.Property(groupname),mainmenu)</visible>
                    <texturenofocus colordiffuse="Black12" border="5">common/box.png</texturenofocus>
                    <align>left</align>
                    <include>DefDialogButtonsGradient</include>
                    <onclick>SetProperty(customProperty,widgetaspect.3)</onclick>
                    <onclick condition="String.IsEmpty(Container(211).ListItem.Property(widgetaspect.3)) | String.IsEqual(Container(211).ListItem.Property(widgetaspect.3),Poster)">SetProperty(customValue,Square)</onclick>
                    <onclick condition="String.IsEqual(Container(211).ListItem.Property(widgetaspect.3),Square)">SetProperty(customValue,Fanart)</onclick>
                    <onclick condition="String.IsEqual(Container(211).ListItem.Property(widgetaspect.3),Fanart) + [$EXP[HomeIsModernMultiWidgets] | $EXP[HomeIsVerticalMultiWidgets]]">SetProperty(customValue,Banner)</onclick>
                    <onclick condition="String.IsEqual(Container(211).ListItem.Property(widgetaspect.3),Banner) + [$EXP[HomeIsModernMultiWidgets] | $EXP[HomeIsVerticalMultiWidgets]]">SetProperty(customValue,Thumbnail)</onclick>
                    <onclick condition="String.IsEqual(Container(211).ListItem.Property(widgetaspect.3),Fanart) + !$EXP[HomeIsModernMultiWidgets] + !$EXP[HomeIsVerticalMultiWidgets]">SetProperty(customValue,Thumbnail)</onclick>
                    <onclick condition="String.IsEqual(Container(211).ListItem.Property(widgetaspect.3),Thumbnail)">SetProperty(customValue,Poster)</onclick>
                    <onclick>SendClick(404)</onclick>
                    <enable>!String.IsEqual(Container(211).ListItem.Property(widgettarget.3),system)</enable>
                </control>
                <control type="radiobutton" id="9413" description="Widget Aspect">
                    <radioposx>845</radioposx>
                    <selected>!String.IsEqual(Container(211).ListItem.Property(widgetClearLogoThumb.3),no)</selected>
                    <width>100%</width>
                    <height>66</height>
                    <label>$LOCALIZE[37742]$LOCALIZE[37796]</label>
                    <visible>String.IsEqual(Window.Property(groupname),mainmenu)</visible>
                    <texturenofocus colordiffuse="Black12" border="5">common/box.png</texturenofocus>
                    <align>left</align>
                    <include>DefDialogButtonsGradient</include>
                    <visible>String.IsEqual(Container(211).ListItem.Property(widgetaspect.3),Thumbnail)</visible>
                    <onclick>SetProperty(customProperty,widgetClearLogoThumb.3)</onclick>
                    <onclick condition="!String.IsEqual(Container(211).ListItem.Property(widgetClearLogoThumb.3),no)">SetProperty(customValue,no)</onclick>
                    <onclick condition="String.IsEqual(Container(211).ListItem.Property(widgetClearLogoThumb.3),no)">SetProperty(customValue,)</onclick>
                    <onclick>SendClick(404)</onclick>
                </control>
                <control type="button" id="10003" description="Widget Aspect">
                    <width>100%</width>
                    <height>66</height>
                    <label>$LOCALIZE[37742]$LOCALIZE[37872]</label>
                    <label2>$VAR[LabelAspectRatio3]</label2>
                    <visible>String.IsEqual(Window.Property(groupname),mainmenu)</visible>
                    <texturenofocus colordiffuse="Black12" border="5">common/box.png</texturenofocus>
                    <align>left</align>
                    <include>DefDialogButtonsGradient</include>
                    <visible>String.IsEqual(Container(211).ListItem.Property(widgetaspect.3),Square)</visible>
                </control>
                <control type="button" id="10303" description="Widget Edge Distance">
                    <width>100%</width>
                    <height>66</height>
                    <label>$LOCALIZE[37742]$LOCALIZE[37930]</label>
                    <label2>$VAR[LabelEdgeDistance3]</label2>
                    <visible>String.IsEqual(Window.Property(groupname),mainmenu)</visible>
                    <texturenofocus colordiffuse="Black12" border="5">common/box.png</texturenofocus>
                    <align>left</align>
                    <include>DefDialogButtonsGradient</include>
                    <visible>String.IsEqual(Container(211).ListItem.Property(widgetaspect.3),Square)</visible>
                    <visible>!String.IsEqual(Container(211).ListItem.Property(widget.3),mysubmenu) + !String.Contains(Container(211).ListItem.Property(widget.3),weather) + !String.Contains(Container(211).ListItem.Property(widget.3),system)</visible>
                </control>
                <control type="button" id="9602" description="Widget Aspect">
                    <width>100%</width>
                    <height>66</height>
                    <label>581</label>
                    <label2>$VAR[LabelSortBy3]</label2>
                    <visible>String.IsEqual(Window.Property(groupname),mainmenu)</visible>
                    <texturenofocus colordiffuse="Black12" border="5">common/box.png</texturenofocus>
                    <align>left</align>
                    <include>DefDialogButtonsGradient</include>
                </control>
                <control type="button" id="9603">
                    <description>Change widget 1 sort order</description>
                    <width>100%</width>
                    <height>66</height>
                    <include>DefDialogButtonsGradient</include>
                    <visible>String.IsEqual(Window.Property(groupname),mainmenu)</visible>
                    <texturenofocus colordiffuse="Black12" border="5">common/box.png</texturenofocus>
                    <align>left</align>
                    <label>580</label>
                    <label2>$VAR[LabelSort3]</label2>
                </control>
                <control type="button" id="4194">
                    <description>Enable</description>
                    <width>100%</width>
                    <height>66</height>
                    <include>DefDialogButtonsGradient</include>
                    <visible>String.IsEqual(Window.Property(groupname),mainmenu)</visible>
                    <texturenofocus colordiffuse="Black12" border="5">common/box.png</texturenofocus>
                    <align>left</align>
                    <enable>[Skin.HasSetting(home.vertical.widgets) | [Skin.HasSetting(home.modernwidgets)  + Skin.HasSetting(home.vertical.widgets)]] + !String.IsEqual(Container(211).ListItem.Property(widgetListType),list)</enable>
                    <label>$LOCALIZE[37790]</label>
                    <label2>$VAR[AutoScrollTime3]</label2>
                    <visible>[Skin.HasSetting(home.vertical) + Skin.HasSetting(home.vertical.widgets)] | [Skin.HasSetting(home.modernwidgets)  + Skin.HasSetting(home.vertical.widgets)]</visible>
                </control>
            </control>

            <!-- Widget 4 -->
            <control type="grouplist" id="9600">
                <onleft>ClearProperty(skinshortcuts-Widget,Home)</onleft>
                <onleft>SetFocus(7011)</onleft>
                <onright>ClearProperty(skinshortcuts-Widget,Home)</onright>
                <onright>SetFocus(7011)</onright>
                <onback>ClearProperty(skinshortcuts-Widget,Home)</onback>
                <onup>9600</onup>
                <ondown>9600</ondown>
                <right>15</right>
                <bottom>18</bottom>
                <width>905</width>
                <height>549</height>
                <orientation>vertical</orientation>
                <itemgap>3</itemgap>
                <visible>String.IsEqual(Window(Home).Property(skinshortcuts-Widget),4)</visible>
                <control type="button" id="4199">
                    <description>Enable</description>
                    <width>100%</width>
                    <height>66</height>
                    <include>DefDialogButtonsGradient</include>
                    <visible>String.IsEqual(Window.Property(groupname),mainmenu)</visible>
                    <texturenofocus colordiffuse="Black12" border="5">common/box.png</texturenofocus>
                    <align>left</align>
                    <label>126</label>
                    <label2>$VAR[Enable4]</label2>
                    <visible allowhiddenfocus="true">String.IsEqual(Window(Home).Property(skinshortcuts-Widget),4)</visible>
                    <onclick condition="String.IsEmpty(Container(211).ListItem.Property(widgetEnable.4))">SetProperty(customProperty,widgetEnable.4)</onclick>
                    <onclick condition="String.IsEmpty(Container(211).ListItem.Property(widgetEnable.4))">SetProperty(customValue,yes)</onclick>
                    <onclick condition="String.IsEqual(Container(211).ListItem.Property(widgetEnable.4),yes)">SetProperty(customProperty,widgetEnable.4)</onclick>
                    <onclick condition="String.IsEqual(Container(211).ListItem.Property(widgetEnable.4),yes)">SetProperty(customValue,no)</onclick>
                    <onclick condition="String.IsEqual(Container(211).ListItem.Property(widgetEnable.4),no)">SetProperty(customProperty,widgetEnable.4)</onclick>
                    <onclick condition="String.IsEqual(Container(211).ListItem.Property(widgetEnable.4),no)">SetProperty(customValue,yes)</onclick>
                    <onclick>SendClick(404)</onclick>
                </control>
                <control type="button" id="9358" description="Widget">
                    <width>100%</width>
                    <height>66</height>
                    <label>$LOCALIZE[31266] 4</label>
                    <label2>$VAR[LabelWidgetShortcutsName4]</label2>
                    <onclick>SetProperty(widgetID,4)</onclick>
                    <visible>String.IsEqual(Window.Property(groupname),mainmenu)</visible>
                    <texturenofocus colordiffuse="Black12" border="5">common/box.png</texturenofocus>
                    <align>left</align>
                    <include>DefDialogButtonsGradient</include>
                    <onclick>SendClick(312)</onclick>
                </control>
                <control type="radiobutton" id="10033" description="Widget Aspect">
                    <radioposx>845</radioposx>
                    <selected>String.IsEqual(Container(211).ListItem.Property(widgetFullscreen.4),yes)</selected>
                    <width>100%</width>
                    <height>66</height>
                    <label>$LOCALIZE[37885]</label>
                    <visible>String.IsEqual(Window.Property(groupname),mainmenu)</visible>
                    <texturenofocus colordiffuse="Black12" border="5">common/box.png</texturenofocus>
                    <align>left</align>
                    <onclick>SetProperty(customProperty,widgetFullscreen.4)</onclick>
                    <onclick condition="!String.IsEqual(Container(211).ListItem.Property(widgetFullscreen.4),yes)">SetProperty(customValue,yes)</onclick>
                    <onclick condition="String.IsEqual(Container(211).ListItem.Property(widgetFullscreen.4),yes)">SetProperty(customValue,)</onclick>
                    <onclick>SendClick(404)</onclick>
                    <include>DefDialogButtonsGradient</include>
                    <enable>$EXP[HomeIsModernMultiWidgets] | $EXP[HomeIsVerticalMultiWidgets]</enable>
                </control>
                <control type="button" id="9721" description="Widget Aspect">
                    <width>100%</width>
                    <height>66</height>
                    <label>$LOCALIZE[31261]</label>
                    <label2>$VAR[LabelWidgetType4]</label2>
                    <onclick>SetProperty(widgetID,4)</onclick>
                    <visible>String.IsEqual(Window.Property(groupname),mainmenu)</visible>
                    <texturenofocus colordiffuse="Black12" border="5">common/box.png</texturenofocus>
                    <align>left</align>
                    <include>DefDialogButtonsGradient</include>
                    <onclick>SetProperty(customProperty,widgetaspect.4)</onclick>
                    <onclick condition="String.IsEmpty(Container(211).ListItem.Property(widgetaspect.4)) | String.IsEqual(Container(211).ListItem.Property(widgetaspect.4),Poster)">SetProperty(customValue,Square)</onclick>
                    <onclick condition="String.IsEqual(Container(211).ListItem.Property(widgetaspect.4),Square)">SetProperty(customValue,Fanart)</onclick>
                    <onclick condition="String.IsEqual(Container(211).ListItem.Property(widgetaspect.4),Fanart) + [$EXP[HomeIsModernMultiWidgets] | $EXP[HomeIsVerticalMultiWidgets]]">SetProperty(customValue,Banner)</onclick>
                    <onclick condition="String.IsEqual(Container(211).ListItem.Property(widgetaspect.4),Banner) + [$EXP[HomeIsModernMultiWidgets] | $EXP[HomeIsVerticalMultiWidgets]]">SetProperty(customValue,Thumbnail)</onclick>
                    <onclick condition="String.IsEqual(Container(211).ListItem.Property(widgetaspect.4),Fanart) + !$EXP[HomeIsModernMultiWidgets] + !$EXP[HomeIsVerticalMultiWidgets]">SetProperty(customValue,Thumbnail)</onclick>
                    <onclick condition="String.IsEqual(Container(211).ListItem.Property(widgetaspect.4),Thumbnail)">SetProperty(customValue,Poster)</onclick>
                    <onclick>SendClick(404)</onclick>
                    <enable>!String.IsEqual(Container(211).ListItem.Property(widgettarget.4),system)</enable>
                </control>
                <control type="radiobutton" id="9414" description="Widget Aspect">
                    <radioposx>845</radioposx>
                    <selected>!String.IsEqual(Container(211).ListItem.Property(widgetClearLogoThumb.4),no)</selected>
                    <width>100%</width>
                    <height>66</height>
                    <label>$LOCALIZE[37742]$LOCALIZE[37796]</label>
                    <visible>String.IsEqual(Window.Property(groupname),mainmenu)</visible>
                    <texturenofocus colordiffuse="Black12" border="5">common/box.png</texturenofocus>
                    <align>left</align>
                    <include>DefDialogButtonsGradient</include>
                    <visible>String.IsEqual(Container(211).ListItem.Property(widgetaspect.4),Thumbnail)</visible>
                    <onclick>SetProperty(customProperty,widgetClearLogoThumb.4)</onclick>
                    <onclick condition="!String.IsEqual(Container(211).ListItem.Property(widgetClearLogoThumb.4),no)">SetProperty(customValue,no)</onclick>
                    <onclick condition="String.IsEqual(Container(211).ListItem.Property(widgetClearLogoThumb.4),no)">SetProperty(customValue,)</onclick>
                    <onclick>SendClick(404)</onclick>
                </control>
                <control type="button" id="10004" description="Widget Aspect">
                    <width>100%</width>
                    <height>66</height>
                    <label>$LOCALIZE[37742]$LOCALIZE[37872]</label>
                    <label2>$VAR[LabelAspectRatio4]</label2>
                    <visible>String.IsEqual(Window.Property(groupname),mainmenu)</visible>
                    <texturenofocus colordiffuse="Black12" border="5">common/box.png</texturenofocus>
                    <align>left</align>
                    <include>DefDialogButtonsGradient</include>
                    <visible>String.IsEqual(Container(211).ListItem.Property(widgetaspect.4),Square)</visible>
                    <enable>!String.IsEqual(Container(211).ListItem.Property(widget.4),mysubmenu)</enable>
                </control>
                <control type="button" id="10304" description="Widget Edge Distance">
                    <width>100%</width>
                    <height>66</height>
                    <label>$LOCALIZE[37742]$LOCALIZE[37930]</label>
                    <label2>$VAR[LabelEdgeDistance4]</label2>
                    <visible>String.IsEqual(Window.Property(groupname),mainmenu)</visible>
                    <texturenofocus colordiffuse="Black12" border="5">common/box.png</texturenofocus>
                    <align>left</align>
                    <include>DefDialogButtonsGradient</include>
                    <visible>String.IsEqual(Container(211).ListItem.Property(widgetaspect.4),Square)</visible>
                    <visible>!String.IsEqual(Container(211).ListItem.Property(widget.4),mysubmenu) + !String.Contains(Container(211).ListItem.Property(widget.4),weather) + !String.Contains(Container(211).ListItem.Property(widget.4),system)</visible>
                </control>
                <control type="button" id="9702" description="Widget Aspect">
                    <width>100%</width>
                    <height>66</height>
                    <label>581</label>
                    <label2>$VAR[LabelSortBy4]</label2>
                    <visible>String.IsEqual(Window.Property(groupname),mainmenu)</visible>
                    <texturenofocus colordiffuse="Black12" border="5">common/box.png</texturenofocus>
                    <align>left</align>
                    <include>DefDialogButtonsGradient</include>
                </control>
                <control type="button" id="9703">
                    <description>Change widget 1 sort order</description>
                    <width>100%</width>
                    <height>66</height>
                    <include>DefDialogButtonsGradient</include>
                    <visible>String.IsEqual(Window.Property(groupname),mainmenu)</visible>
                    <texturenofocus colordiffuse="Black12" border="5">common/box.png</texturenofocus>
                    <align>left</align>
                    <label>580</label>
                    <label2>$VAR[LabelSort4]</label2>
                </control>
                <control type="button" id="4193">
                    <description>Enable</description>
                    <width>100%</width>
                    <height>66</height>
                    <include>DefDialogButtonsGradient</include>
                    <visible>String.IsEqual(Window.Property(groupname),mainmenu)</visible>
                    <texturenofocus colordiffuse="Black12" border="5">common/box.png</texturenofocus>
                    <align>left</align>
                    <enable>[Skin.HasSetting(home.vertical.widgets) | [Skin.HasSetting(home.modernwidgets)  + Skin.HasSetting(home.vertical.widgets)]] + !String.IsEqual(Container(211).ListItem.Property(widgetListType),list)</enable>
                    <label>$LOCALIZE[37790]</label>
                    <label2>$VAR[AutoScrollTime4]</label2>
                    <visible>[Skin.HasSetting(home.vertical) + Skin.HasSetting(home.vertical.widgets)] | [Skin.HasSetting(home.modernwidgets)  + Skin.HasSetting(home.vertical.widgets)]</visible>
                </control>
            </control>

            <!-- Widget 5 -->
            <control type="grouplist" id="9700">
                <onleft>ClearProperty(skinshortcuts-Widget,Home)</onleft>
                <onleft>SetFocus(7011)</onleft>
                <onright>ClearProperty(skinshortcuts-Widget,Home)</onright>
                <onright>SetFocus(7011)</onright>
                <onback>ClearProperty(skinshortcuts-Widget,Home)</onback>
                <onup>9600</onup>
                <ondown>9600</ondown>
                <right>15</right>
                <bottom>18</bottom>
                <width>905</width>
                <height>549</height>
                <orientation>vertical</orientation>
                <itemgap>3</itemgap>
                <visible>String.IsEqual(Window(Home).Property(skinshortcuts-Widget),5)</visible>
                <control type="button" id="4590">
                    <description>Enable</description>
                    <width>100%</width>
                    <height>66</height>
                    <include>DefDialogButtonsGradient</include>
                    <visible>String.IsEqual(Window.Property(groupname),mainmenu)</visible>
                    <texturenofocus colordiffuse="Black12" border="5">common/box.png</texturenofocus>
                    <align>left</align>
                    <label>126</label>
                    <label2>$VAR[Enable5]</label2>
                    <visible allowhiddenfocus="true">String.IsEqual(Window(Home).Property(skinshortcuts-Widget),5)</visible>
                    <onclick condition="String.IsEmpty(Container(211).ListItem.Property(widgetEnable.5))">SetProperty(customProperty,widgetEnable.5)</onclick>
                    <onclick condition="String.IsEmpty(Container(211).ListItem.Property(widgetEnable.5))">SetProperty(customValue,yes)</onclick>
                    <onclick condition="String.IsEqual(Container(211).ListItem.Property(widgetEnable.5),yes)">SetProperty(customProperty,widgetEnable.5)</onclick>
                    <onclick condition="String.IsEqual(Container(211).ListItem.Property(widgetEnable.5),yes)">SetProperty(customValue,no)</onclick>
                    <onclick condition="String.IsEqual(Container(211).ListItem.Property(widgetEnable.5),no)">SetProperty(customProperty,widgetEnable.5)</onclick>
                    <onclick condition="String.IsEqual(Container(211).ListItem.Property(widgetEnable.5),no)">SetProperty(customValue,yes)</onclick>
                    <onclick>SendClick(404)</onclick>
                </control>
                <control type="button" id="4591" description="Widget">
                    <width>100%</width>
                    <height>66</height>
                    <label>$LOCALIZE[31266] 5</label>
                    <label2>$VAR[LabelWidgetShortcutsName5]</label2>
                    <onclick>SetProperty(widgetID,5)</onclick>
                    <visible>String.IsEqual(Window.Property(groupname),mainmenu)</visible>
                    <texturenofocus colordiffuse="Black12" border="5">common/box.png</texturenofocus>
                    <align>left</align>
                    <include>DefDialogButtonsGradient</include>
                    <onclick>SendClick(312)</onclick>
                </control>
                <control type="radiobutton" id="10034" description="Widget Aspect">
                    <radioposx>845</radioposx>
                    <selected>String.IsEqual(Container(211).ListItem.Property(widgetFullscreen.5),yes)</selected>
                    <width>100%</width>
                    <height>66</height>
                    <label>$LOCALIZE[37885]</label>
                    <visible>String.IsEqual(Window.Property(groupname),mainmenu)</visible>
                    <texturenofocus colordiffuse="Black12" border="5">common/box.png</texturenofocus>
                    <align>left</align>
                    <onclick>SetProperty(customProperty,widgetFullscreen.5)</onclick>
                    <onclick condition="!String.IsEqual(Container(211).ListItem.Property(widgetFullscreen.5),yes)">SetProperty(customValue,yes)</onclick>
                    <onclick condition="String.IsEqual(Container(211).ListItem.Property(widgetFullscreen.5),yes)">SetProperty(customValue,)</onclick>
                    <onclick>SendClick(404)</onclick>
                    <include>DefDialogButtonsGradient</include>
                    <enable>$EXP[HomeIsModernMultiWidgets] | $EXP[HomeIsVerticalMultiWidgets]</enable>
                </control>
                <control type="button" id="9821" description="Widget Aspect">
                    <width>100%</width>
                    <height>66</height>
                    <label>$LOCALIZE[31261]</label>
                    <label2>$VAR[LabelWidgetType5]</label2>
                    <onclick>SetProperty(widgetID,5)</onclick>
                    <visible>String.IsEqual(Window.Property(groupname),mainmenu)</visible>
                    <texturenofocus colordiffuse="Black12" border="5">common/box.png</texturenofocus>
                    <align>left</align>
                    <include>DefDialogButtonsGradient</include>
                    <onclick>SetProperty(customProperty,widgetaspect.5)</onclick>
                    <onclick condition="String.IsEmpty(Container(211).ListItem.Property(widgetaspect.5)) | String.IsEqual(Container(211).ListItem.Property(widgetaspect.5),Poster)">SetProperty(customValue,Square)</onclick>
                    <onclick condition="String.IsEqual(Container(211).ListItem.Property(widgetaspect.5),Square)">SetProperty(customValue,Fanart)</onclick>
                    <onclick condition="String.IsEqual(Container(211).ListItem.Property(widgetaspect.5),Fanart) + [$EXP[HomeIsModernMultiWidgets] | $EXP[HomeIsVerticalMultiWidgets]]">SetProperty(customValue,Banner)</onclick>
                    <onclick condition="String.IsEqual(Container(211).ListItem.Property(widgetaspect.5),Banner) + [$EXP[HomeIsModernMultiWidgets] | $EXP[HomeIsVerticalMultiWidgets]]">SetProperty(customValue,Thumbnail)</onclick>
                    <onclick condition="String.IsEqual(Container(211).ListItem.Property(widgetaspect.5),Fanart) + !$EXP[HomeIsModernMultiWidgets] + !$EXP[HomeIsVerticalMultiWidgets]">SetProperty(customValue,Thumbnail)</onclick>
                    <onclick condition="String.IsEqual(Container(211).ListItem.Property(widgetaspect.5),Thumbnail)">SetProperty(customValue,Poster)</onclick>
                    <onclick>SendClick(404)</onclick>
                    <enable>!String.IsEqual(Container(211).ListItem.Property(widgettarget.5),system)</enable>
                </control>
                <control type="radiobutton" id="4592" description="Widget Aspect">
                    <radioposx>845</radioposx>
                    <selected>!String.IsEqual(Container(211).ListItem.Property(widgetClearLogoThumb.5),no)</selected>
                    <width>100%</width>
                    <height>66</height>
                    <label>$LOCALIZE[37742]$LOCALIZE[37796]</label>
                    <visible>String.IsEqual(Window.Property(groupname),mainmenu)</visible>
                    <texturenofocus colordiffuse="Black12" border="5">common/box.png</texturenofocus>
                    <align>left</align>
                    <include>DefDialogButtonsGradient</include>
                    <visible>String.IsEqual(Container(211).ListItem.Property(widgetaspect.5),Thumbnail)</visible>
                    <onclick>SetProperty(customProperty,widgetClearLogoThumb.5)</onclick>
                    <onclick condition="!String.IsEqual(Container(211).ListItem.Property(widgetClearLogoThumb.5),no)">SetProperty(customValue,no)</onclick>
                    <onclick condition="String.IsEqual(Container(211).ListItem.Property(widgetClearLogoThumb.5),no)">SetProperty(customValue,)</onclick>
                    <onclick>SendClick(404)</onclick>
                </control>
                <control type="button" id="10005" description="Widget Aspect">
                    <width>100%</width>
                    <height>66</height>
                    <label>$LOCALIZE[37742]$LOCALIZE[37872]</label>
                    <label2>$VAR[LabelAspectRatio5]</label2>
                    <visible>String.IsEqual(Window.Property(groupname),mainmenu)</visible>
                    <texturenofocus colordiffuse="Black12" border="5">common/box.png</texturenofocus>
                    <align>left</align>
                    <include>DefDialogButtonsGradient</include>
                    <visible>String.IsEqual(Container(211).ListItem.Property(widgetaspect.5),Square)</visible>
                    <enable>!String.IsEqual(Container(211).ListItem.Property(widget.5),mysubmenu)</enable>
                </control>
                <control type="button" id="10305" description="Widget Edge Distance">
                    <width>100%</width>
                    <height>66</height>
                    <label>$LOCALIZE[37742]$LOCALIZE[37930]</label>
                    <label2>$VAR[LabelEdgeDistance5]</label2>
                    <visible>String.IsEqual(Window.Property(groupname),mainmenu)</visible>
                    <texturenofocus colordiffuse="Black12" border="5">common/box.png</texturenofocus>
                    <align>left</align>
                    <include>DefDialogButtonsGradient</include>
                    <visible>String.IsEqual(Container(211).ListItem.Property(widgetaspect.5),Square)</visible>
                    <visible>!String.IsEqual(Container(211).ListItem.Property(widget.5),mysubmenu) + !String.Contains(Container(211).ListItem.Property(widget.5),weather) + !String.Contains(Container(211).ListItem.Property(widget.5),system)</visible>
                </control>
                <control type="button" id="9802" description="Widget Aspect">
                    <width>100%</width>
                    <height>66</height>
                    <label>581</label>
                    <label2>$VAR[LabelSortBy5]</label2>
                    <visible>String.IsEqual(Window.Property(groupname),mainmenu)</visible>
                    <texturenofocus colordiffuse="Black12" border="5">common/box.png</texturenofocus>
                    <align>left</align>
                    <include>DefDialogButtonsGradient</include>
                </control>
                <control type="button" id="9803">
                    <description>Change widget 1 sort order</description>
                    <width>100%</width>
                    <height>66</height>
                    <include>DefDialogButtonsGradient</include>
                    <visible>String.IsEqual(Window.Property(groupname),mainmenu)</visible>
                    <texturenofocus colordiffuse="Black12" border="5">common/box.png</texturenofocus>
                    <align>left</align>
                    <label>580</label>
                    <label2>$VAR[LabelSort5]</label2>
                </control>
                <control type="button" id="4593">
                    <description>Enable</description>
                    <width>100%</width>
                    <height>66</height>
                    <include>DefDialogButtonsGradient</include>
                    <visible>String.IsEqual(Window.Property(groupname),mainmenu)</visible>
                    <texturenofocus colordiffuse="Black12" border="5">common/box.png</texturenofocus>
                    <align>left</align>
                    <enable>[Skin.HasSetting(home.vertical.widgets) | [Skin.HasSetting(home.modernwidgets)  + Skin.HasSetting(home.vertical.widgets)]] + !String.IsEqual(Container(211).ListItem.Property(widgetListType),list)</enable>
                    <label>$LOCALIZE[37790]</label>
                    <label2>$VAR[AutoScrollTime5]</label2>
                    <visible>[Skin.HasSetting(home.vertical) + Skin.HasSetting(home.vertical.widgets)] | [Skin.HasSetting(home.modernwidgets)  + Skin.HasSetting(home.vertical.widgets)]</visible>
                </control>
            </control>
        </control>
        <control type="button" id="7011">
            <width>1</width>
            <height>1</height>
            <visible allowhiddenfocus="true">false</visible>
            <onfocus>ClearProperty(skinshortcuts-Widget,Home)</onfocus>
            <onfocus>SetFocus(9100)</onfocus>
        </control>
        <control type="button" id="404">
            <visible allowhiddenfocus="true">false</visible>
        </control>
        <control type="button" id="312">
            <visible allowhiddenfocus="true">false</visible>
        </control>
    </controls>
</window>