<?xml version="1.0" encoding="UTF-8"?>
<!-- Foundation -->
<window type="dialog" id="1197">
    <zorder>1</zorder>
    <defaultcontrol always="true">9000</defaultcontrol>
    <controls>
        <include>GlobalOverlay</include>
        <include>Animation.Common</include>
        <control type="group">
            <height>620</height>
            <include>Def9000Background</include>
            <control type="group">
                <left>22</left>
                <top>22</top>
                <control type="label">
                    <description>Header Label</description>
                    <left>70</left>
                    <width>1000</width>
                    <posy>0</posy>
                    <include>FontTop</include>
                    <textcolor>Dark2</textcolor>
                    <label>14018</label>
                </control>
                <include>Kodi_Logo</include>

                <!-- Lines -->
                <control type="image">
                    <top>70</top>
                    <left>17</left>
                    <width>390</width>
                    <height>1</height>
                    <bottom>10</bottom>
                    <colordiffuse>Black12</colordiffuse>
                    <texture>common/white.png</texture>
                </control>
            </control>
            <include content="Def9000Arrows"><param name="arrow_bottom" value="620" /></include>
            <include content="Def_Gradient_Settings_Image">
                <param name="controlid" value="9000"/>
                <param name="left" value="8"/>
                <param name="top" value="112"/>
                <param name="width" value="450"/>
            </include>
            <control type="grouplist" id="9000">
                <posx>8</posx>
                <posy>112</posy>
                <width>510</width>
                <height>490</height>
                <itemgap>0</itemgap>
                <usecontrolcoords>true</usecontrolcoords>
                <scrolltime>0</scrolltime>
                <onright>Dialog.Close(1197)</onright>
                <onleft>Dialog.Close(1197)</onleft>
                <control type="button" id="80" description="SELECT OSD">
                    <include>DefContextButtonGradient</include>
                    <align>left</align>
                    <label>31295</label>
                    <label2>$VAR[OSDTypeLabel]</label2>
                    <onclick condition="!Skin.HasSetting(osd.usethemeNewOSD) + !Skin.HasSetting(osd.usethemeNewOSDSide)">Skin.ToggleSetting(osd.usethemeNewOSD)</onclick>
                    <onclick condition="Skin.HasSetting(osd.usethemeNewOSD)">Skin.ToggleSetting(osd.usethemeNewOSDSide)</onclick>
                    <onclick condition="Skin.HasSetting(osd.usethemeNewOSD)">Skin.Reset(osd.usethemeNewOSD)</onclick>
                    <onclick condition="Skin.HasSetting(osd.usethemeNewOSDSide)">Skin.Reset(osd.usethemeNewOSDSide)</onclick>
                    <onclick>Dialog.Close(all,force)</onclick>
                </control>
                <control type="radiobutton" id="81">
                    <description>Filter</description>
                    <include>DefContextButtonGradient</include>
                    <label>31569</label>
                    <align>left</align>
                    <selected>!Skin.HasSetting(osd.showclearlogotitle)</selected>
                    <onclick>Skin.ToggleSetting(osd.showclearlogotitle)</onclick>
                    <visible>Skin.HasSetting(osd.usethemeNewOSDSide)</visible>
                </control>
                <control type="radiobutton" id="82">
                    <description>Filter</description>
                    <include>DefContextButtonGradient</include>
                    <label>207</label>
                    <align>left</align>
                    <selected>Skin.HasSetting(osd.showplot)</selected>
                    <onclick>Skin.ToggleSetting(osd.showplot)</onclick>
                    <visible>!Skin.HasSetting(osd.usethemeNewOSDSide)</visible>
                </control>
                <control type="radiobutton" id="85">
                    <description>Filter</description>
                    <include>DefContextButtonGradient</include>
                    <label>31262</label>
                    <align>left</align>
                    <selected>!Skin.HasSetting(osd.disableposter)</selected>
                    <onclick>Skin.ToggleSetting(osd.disableposter)</onclick>
                    <visible>Skin.HasSetting(osd.usethemeNewOSD)</visible>
                </control>
                <control type="radiobutton" id="83">
                    <description>Filter</description>
                    <include>DefContextButtonGradient</include>
                    <label>31439</label>
                    <align>left</align>
                    <selected>Skin.HasSetting(chapter.markers)</selected>
                    <onclick>Skin.ToggleSetting(chapter.markers)</onclick>
                </control>
                <control type="radiobutton" id="110">
                    <description>Filter</description>
                    <include>DefContextButtonGradient</include>
                    <label>31629</label>
                    <align>left</align>
                    <selected>Skin.HasSetting(cutlist.markers)</selected>
                    <onclick>Skin.ToggleSetting(cutlist.markers)</onclick>
                </control>
                <control type="radiobutton" id="84">
                    <description>Filter</description>
                    <include>DefContextButtonGradient</include>
                    <label>562</label>
                    <align>left</align>
                    <selected>!Skin.HasSetting(OSD.hide.year)</selected>
                    <onclick>Skin.ToggleSetting(OSD.hide.year)</onclick>
                </control>
                <control type="button" id="801">
                    <include>DefContextMenuLabel</include>
                    <label>20060</label>
                </control>
                <control type="radiobutton" id="94">
                    <description>Filter</description>
                    <include>DefContextButtonGradient</include>
                    <label>31571</label>
                    <align>left</align>
                    <selected>Skin.HasSetting(furniture.flagiconsosd)</selected>
                    <onclick>Skin.ToggleSetting(furniture.flagiconsosd)</onclick>
                </control>
                <control type="radiobutton" id="95">
                    <description>Filter</description>
                    <include>DefContextButtonGradient</include>
                    <label>31570</label>
                    <align>left</align>
                    <selected>Skin.HasSetting(furniture.flagiconsosdnoicons)</selected>
                    <onclick>Skin.ToggleSetting(furniture.flagiconsosdnoicons)</onclick>
                    <enable>Skin.HasSetting(furniture.flagiconsosd)</enable>
                </control>
                <control type="radiobutton" id="96">
                    <textwidth>350</textwidth>
                    <description>Handlung</description>
                    <include>DefContextButtonGradient</include>
                    <label>31017</label>
                    <align>left</align>
                    <selected>Skin.HasSetting(osd.coloredicons)</selected>
                    <onclick>Skin.ToggleSetting(osd.coloredicons)</onclick>
                    <enable>Skin.HasSetting(furniture.flagiconsosdnoicons) + Skin.HasSetting(furniture.flagiconsosd)</enable>
                </control>
                <control type="button" id="802">
                    <include>DefContextMenuLabel</include>
                    <label>31077</label>
                </control>                
                <control type="radiobutton" id="97">
                    <include>DefContextButtonGradient</include>
                    <label>31560</label>
                    <align>left</align>
                    <selected>Skin.HasSetting(videoosd.numericrating)</selected>
                    <onclick>Skin.ToggleSetting(videoosd.numericrating)</onclick>
                    <enable>!VideoPlayer.Content(livetv)</enable>
                </control>
                <control type="radiobutton" id="103" description="Show DiscArt">
                    <include>DefContextButtonGradient</include>
                    <label>31459</label>
                    <align>left</align>
                    <selected>Skin.HasSetting(discartOSD)</selected>
                    <onclick>Skin.ToggleSetting(discartOSD)</onclick>
                    <visible>!Skin.HasSetting(osd.usethemeNewOSDSide) + !VideoPlayer.Content(livetv)</visible>
                </control>
                <control type="radiobutton" id="98">
                    <description>Filter</description>
                    <include>DefContextButtonGradient</include>
                    <label>31573</label>
                    <align>left</align>
                    <selected>Skin.HasSetting(ClockOSD)</selected>
                    <onclick>Skin.ToggleSetting(ClockOSD)</onclick>
                </control>
                <control type="radiobutton" id="120">
                    <description>Filter</description>
                    <include>DefContextButtonGradient</include>
                    <label>31329</label>
                    <align>left</align>
                    <selected>Skin.HasSetting(ShowClearArtOSD)</selected>
                    <onclick>Skin.ToggleSetting(ShowClearArtOSD)</onclick>
                </control>
                <control type="radiobutton" id="99">
                    <include>DefContextButtonGradient</include>
                    <label>31574</label>
                    <align>left</align>
                    <selected>Skin.HasSetting(pvr.showtechnicalinfo)</selected>
                    <onclick>Skin.ToggleSetting(pvr.showtechnicalinfo)</onclick>
                    <enable>VideoPlayer.Content(livetv) + !Skin.HasSetting(osd.usethemeNewOSDSide)</enable>
                </control>
                <control type="radiobutton" id="100">
                    <description>Filter</description>
                    <include>DefContextButtonGradient</include>
                    <label>31572</label>
                    <align>left</align>
                    <selected>!Skin.HasSetting(HidePlayPauseInfo)</selected>
                    <onclick>Skin.ToggleSetting(HidePlayPauseInfo)</onclick>
                </control>
                <control type="button" id="101">
                    <align>left</align>
                    <include>DefContextButtonGradient</include>
                    <label>$LOCALIZE[169]/$LOCALIZE[170]</label>
                    <onclick>PlayerResolutionSelect</onclick>
                    <visible>Player.HasResolutions</visible>
                </control>
                <control type="button" id="102">
                    <description>Filter</description>
                    <include>DefContextButtonGradient</include>
                    <label>31290</label>
                    <align>left</align>
                    <onclick>Dialog.Close(1197)</onclick>
                    <onclick>ActivateWindow(playerprocessinfo)</onclick>
                </control>
            </control>
        </control>
    </controls>
</window>
