<?xml version="1.0" encoding="UTF-8"?>
<!-- Foundation -->
<window>
    <defaultcontrol always="true">11</defaultcontrol>
    <controls>
        <control type="group">
            <visible>!Window.IsActive(DialogPVRGuideInfo.xml)</visible>
            <include>Animation.Slide.Menu</include>
            <control type="image">
                <posx>-1</posx>
                <posy>-1</posy>
                <width>668</width>
                <height>1082</height>
                <colordiffuse>$VAR[OSDPanel]</colordiffuse>
                <texture border="5">common/white.png</texture>
                <animation effect="fade" start="100" end="90" condition="true">Conditional</animation>
            </control>
            <control type="image">
                <posx>530</posx>
                <posy>-4</posy>
                <width>128</width>
                <height>128</height>
                <texture>special://skin/extras/icons/livetv.png</texture>
                <colordiffuse>$VAR[OSDPanelWhite100]</colordiffuse>
            </control>
            <control type="label">
                <posx>33</posx>
                <posy>10</posy>
                <width>400</width>
                <align>left</align>
                <textcolor>$VAR[OSDPanelWhite100]</textcolor>
                <font>Medium</font>
                <label>$INFO[VideoPlayer.ChannelGroup]</label>
            </control>
            <control type="label">
                <posx>33</posx>
                <posy>44</posy>
                <width>400</width>
                <align>left</align>
                <textcolor>$VAR[OSDPanelWhite70]</textcolor>
                <font>Tiny</font>
                <label>$INFO[System.Time]$INFO[Container(11).NumItems, - ,  $LOCALIZE[19019]]</label>
            </control>
            <control type="list" id="11">
                <posx>0</posx>
                <posy>120</posy>
                <height>980</height>
                <width>667</width>
                <onleft>PreviousChannelGroup</onleft>
                <onright>NextChannelGroup</onright>
                <orientation>vertical</orientation>
                <itemlayout height="120" width="667">
                    <control type="image">
                        <width>667</width>
                        <height>120</height>
                        <texture>common/selected.png</texture>
                        <aspectratio aligny="top">center</aspectratio>
                        <animation effect="fade" start="100" end="15" condition="true">Conditional</animation>
                        <visible>ListItem.IsPlaying</visible>
                        <colordiffuse>Selected</colordiffuse>
                    </control>
                    <control type="image">
                        <posx>22</posx>
                        <posy>17</posy>
                        <width>85</width>
                        <height>85</height>
                        <texture>$INFO[ListItem.Thumb]</texture>
                        <aspectratio>keep</aspectratio>
                    </control>
                    <control type="group">
                        <control type="progress">
                            <posx>571</posx>
                            <posy>69</posy>
                            <width>67</width>
                            <height>19</height>
                            <reveal>true</reveal>
                            <texturebg>pvr/progress-back.png</texturebg>
                            <lefttexture>pvr/progress-leftright.png</lefttexture>
                            <midtexture>pvr/progress-mid.png</midtexture>
                            <righttexture>pvr/progress-leftright.png</righttexture>
                            <info>ListItem.Progress</info>
                            <colordiffuse>$VAR[OSDPanelWhite70]</colordiffuse>
                        </control>
                        <control type="label">
                            <left>150</left>
                            <right>230</right>
                            <top>10</top>
                            <aligny>center</aligny>
                            <height>64</height>
                            <font>Small</font>
                            <textcolor>$VAR[OSDPanelWhite70]</textcolor>
                            <selectedcolor>$VAR[OSDPanelWhite70]</selectedcolor>
                            <label>$INFO[ListItem.ChannelNumberLabel,,  ]$INFO[ListItem.ChannelName]</label>
                        </control>
                        <control type="label">
                            <left>150</left>
                            <bottom>11</bottom>
                            <right>120</right>
                            <aligny>center</aligny>
                            <height>64</height>
                            <font>SmallPVR</font>
                            <textcolor>$VAR[OSDPanelWhite30]</textcolor>
                            <selectedcolor>$VAR[OSDPanelWhite30]</selectedcolor>
                            <label fallback="19055">$INFO[ListItem.Title]</label>
                        </control>
                    </control>
                    <control type="label">
                        <width>200</width>
                        <top>9</top>
                        <right>30</right>
                        <align>right</align>
                        <font>Small</font>
                        <textcolor>$VAR[OSDPanelWhite70]</textcolor>
                        <selectedcolor>$VAR[OSDPanelWhite70]</selectedcolor>
                        <label>$INFO[ListItem.StartTime]$INFO[ListItem.EndTime, - ,]</label>
                    </control>
                </itemlayout>
                <focusedlayout height="120" width="667">
                    <control type="image">
                        <width>667</width>
                        <height>120</height>
                        <texture colordiffuse="$VAR[ColorSelectOtherBar]" border="5">common/white.png</texture>
                    </control>
                    <control type="image">
                        <width>667</width>
                        <height>120</height>
                        <texture border="5" colordiffuse="$VAR[ColorHighlightOtherBar]">common/gradient-box-wide.png</texture>
                    </control>
                    <control type="image">
                        <width>667</width>
                        <height>120</height>
                        <texture>common/selected.png</texture>
                        <aspectratio aligny="top">center</aspectratio>
                        <animation effect="fade" start="100" end="30" condition="true">Conditional</animation>
                        <visible>ListItem.IsPlaying</visible>
                        <colordiffuse>Selected</colordiffuse>
                    </control>
                    <control type="image">
                        <posx>22</posx>
                        <posy>17</posy>
                        <width>85</width>
                        <height>85</height>
                        <texture>$INFO[ListItem.Thumb]</texture>
                        <aspectratio>keep</aspectratio>
                    </control>
                    <control type="group">
                        <control type="progress">
                            <posx>571</posx>
                            <posy>69</posy>
                            <width>67</width>
                            <height>19</height>
                            <reveal>true</reveal>
                            <texturebg>pvr/progress-back.png</texturebg>
                            <lefttexture>pvr/progress-leftright.png</lefttexture>
                            <midtexture>pvr/progress-mid.png</midtexture>
                            <righttexture>pvr/progress-leftright.png</righttexture>
                            <info>ListItem.Progress</info>
                            <colordiffuse>$VAR[OSDPanelWhite70]</colordiffuse>
                        </control>
                        <control type="label">
                            <left>150</left>
                            <right>230</right>
                            <top>10</top>
                            <aligny>center</aligny>
                            <height>64</height>
                            <font>Small</font>
                            <textcolor>Selected</textcolor>
                            <selectedcolor>Selected</selectedcolor>
                            <label>$INFO[ListItem.ChannelNumberLabel,,  ]$INFO[ListItem.ChannelName]</label>
                        </control>
                        <control type="label">
                            <left>150</left>
                            <bottom>11</bottom>
                            <right>120</right>
                            <aligny>center</aligny>
                            <height>64</height>
                            <font>SmallPVR</font>
                            <textcolor>Selected</textcolor>
                            <selectedcolor>Selected</selectedcolor>
                            <label fallback="19055">$INFO[ListItem.Title]</label>
                        </control>
                    </control>
                    <control type="label">
                        <width>200</width>
                        <top>9</top>
                        <right>30</right>
                        <align>right</align>
                        <font>Small</font>
                        <textcolor>Selected</textcolor>
                        <selectedcolor>Selected</selectedcolor>
                        <label>$INFO[ListItem.StartTime]$INFO[ListItem.EndTime, - ,]</label>
                    </control>
                </focusedlayout>
            </control>
        </control>
    </controls>
</window>
