<?xml version="1.0" encoding="UTF-8"?>
<!-- Foundation -->
<includes>

    <include name="View_513_Shifted">
        <description>List View (id=513)</description>
        <control type="group">
            <include>Animation.Common</include>
            <visible>Control.IsVisible(513)</visible>
            <include>ViewSlideForJumpBar</include>
            <control type="panel" id="513">
                <top>200</top>
                <right>SidePad</right>
                <left>70</left>
                <visible>Container.Content(movies) | Container.Content(musicvideos) | Container.Content(tvshows) | Container.Content(seasons) | Container.Content(episodes) | Container.Content(sets) | Container.Content(videos)</visible>
                <include content="forced_view" condition="Skin.HasSetting(enable.forcedviews)">
                    <param name="string" value="$LOCALIZE[31099]" />
                </include>
                <onleft condition="!Skin.HasSetting(global.kioskmode)">9000</onleft>
                <onright>1689</onright>
                <preloaditems>1</preloaditems>
                <pagecontrol>1689</pagecontrol>
                <height>690</height>
                <orientation>vertical</orientation>
                <viewtype label="31099">list</viewtype>
                <include>ScrolltimeViewsList</include>
                <itemlayout height="230">
                    <control type="group">
                        <height>225</height>
                        <width>390</width>
                        <include content="include.widget.landscape">
                            <param name="id" value="513"/>
                            <param name="indicatorbackground" value="true"/>
                            <param name="height" value="225"/>
                        </include>
                    </control>
                    <control type="label">
                        <top>16</top>
                        <left>410</left>
                        <description>Header Label</description>
                        <textcolor>Dark1</textcolor>
                        <selectedcolor>Dark1</selectedcolor>
                        <font>SmallBold</font>
                        <width>1350</width>
                        <label fallback="19055">$INFO[ListItem.Label]</label>
                    </control>
                    <control type="label">
                        <visible>!String.IsEqual(ListItem.Label,..)</visible>
                        <top>71</top>
                        <left>410</left>
                        <height>36</height>
                        <font>Tiny</font>
                        <textcolor>Dark1</textcolor>
                        <selectedcolor>Dark1</selectedcolor>
                        <width>1350</width>
                        <label>$VAR[513_Row_1]</label>
                    </control>
                    <control type="textbox">
                        <top>126</top>
                        <bottom>17</bottom>
                        <left>410</left>
                        <font>Tiny</font>
                        <height>76</height>
                        <textcolor>Dark2</textcolor>
                        <selectedcolor>Dark2</selectedcolor>
                        <label>$INFO[ListItem.Plot]</label>
                        <width>1330</width>
                        <autoscroll>false</autoscroll>
                    </control>
                </itemlayout>
                <focusedlayout height="230">
                    <control type="group">
                        <height>225</height>
                        <width>390</width>
                        <include content="include.widget.landscape.focus">
                            <param name="id" value="513"/>
                            <param name="indicatorbackground" value="true"/>
                            <param name="height" value="225"/>
                            <param name="glow_top" value="0"/>
                            <param name="glow_height" value="225"/>
                            <param name="glow_left" value="4" />
                            <param name="glow_right" value="5" />
                        </include>
                    </control>
                    <control type="label">
                        <top>16</top>
                        <left>410</left>
                        <description>Header Label</description>
                        <textcolor>Dark1</textcolor>
                        <selectedcolor>Dark1</selectedcolor>
                        <font>SmallBold</font>
                        <width>1350</width>
                        <label fallback="19055">$INFO[ListItem.Label]</label>
                    </control>
                    <control type="group">
                        <visible>!String.IsEqual(ListItem.Label,..)</visible>
                        <top>71</top>
                        <left>410</left>
                        <control type="label">
                            <height>36</height>
                            <font>Tiny</font>
                            <textcolor>Dark1</textcolor>
                            <selectedcolor>Dark1</selectedcolor>
                            <width>1350</width>
                            <label>$VAR[LabelDurationVar50]</label>
                            <include>Animation.TestIn</include>
                        </control>
                        <control type="label">
                            <height>36</height>
                            <font>Tiny</font>
                            <textcolor>Dark1</textcolor>
                            <selectedcolor>Dark1</selectedcolor>
                            <width>1350</width>
                            <label>$VAR[513_Row_1]</label>
                            <include>Animation.TestOut</include>
                        </control>
                    </control>
                    <control type="textbox">
                        <top>126</top>
                        <bottom>17</bottom>
                        <left>410</left>
                        <font>Tiny</font>
                        <height>76</height>
                        <textcolor>Dark2</textcolor>
                        <selectedcolor>Dark2</selectedcolor>
                        <label>$INFO[ListItem.Plot]</label>
                        <width>1330</width>
                    </control>
                </focusedlayout>
            </control>
            <control type="scrollbar" id="1689">
                <include content="scrollbar_vertical">
                    <param name="scrollid" value="1689"/>
                </include>
            </control>
            <control type="image">
                <visible>Control.HasFocus(513) + !Container(513).OnPrevious</visible>
                <include>Animation.DelayFadeIn</include>
                <top>185</top>
                <left>258</left>
                <include>arrowdimensions</include>
                <texture colordiffuse="Dark1" flipy="true">common/arrow-small.png</texture>
            </control>
            <control type="image">
                <visible>Control.HasFocus(513) + !Container(513).OnNext</visible>
                <include>Animation.DelayFadeIn</include>
                <top>883</top>
                <left>258</left>
                <include>arrowdimensions</include>
                <texture colordiffuse="Dark1" flipy="false">common/arrow-small.png</texture>
            </control>
        </control>
    </include>
</includes>
