<?xml version="1.0" encoding="UTF-8"?>
<!-- Foundation -->
<includes>

    <include name="View_55_Wall_Poster">
        <control type="group">
            <include>Animation.Common</include>
            <visible>Control.IsVisible(55)</visible>
            <include>ViewSlideForJumpBar</include>
            <control type="panel" id="55">
                <visible>String.Contains(Container.FolderPath,plugin://plugin.program.advanced.launcher/,left) | Container.Content(musicvideos) | Container.Content(movies) | Container.Content(tvshows) | Container.Content(seasons) | Container.Content(sets) | Container.Content(videos)</visible>
                <top>206</top>
                <right>70</right>
                <width>1332</width>
                <height>670</height>
                <onleft condition="!Skin.HasSetting(global.kioskmode)">9000</onleft>
                <onright>1604</onright>
                <onup>55</onup>
                <ondown>55</ondown>
                <preloaditems>2</preloaditems>
                <pagecontrol>1604</pagecontrol>
                <include content="forced_view" condition="Skin.HasSetting(enable.forcedviews)">
                    <param name="string" value="$LOCALIZE[31521]" />
                </include>
                <viewtype label="31521">list</viewtype>
                <include>ScrolltimeViewsList</include>
                <itemlayout height="335" width="222">
                    <control type="group">
                        <height>325</height>
                        <include content="include.widget.poster">
                            <param name="id" value="55"/>
                            <param name="indicatorbackground" value="true"/>
                            <param name="visible_title_overlay" value="Skin.HasSetting(view.title.overlay)"/>
                        </include>
                    </control>
                </itemlayout>
                <focusedlayout height="335" width="222">
                    <control type="group">
                        <height>325</height>
                        <include content="include.widget.poster.focus">
                            <param name="id" value="55"/>
                            <param name="indicatorbackground" value="true"/>
                            <param name="visible_title_overlay" value="Skin.HasSetting(view.title.overlay)"/>
                        </include>
                    </control>
                </focusedlayout>
            </control>

            <!-- Scrollbar Start -->
            <control type="scrollbar" id="1604">
                <include content="scrollbar_vertical">
                    <param name="scrollid" value="1604"/>
                </include>
            </control>

            <!-- Scrollbar End -->
            <include>View_50_SidePoster</include>
        </control>
    </include>

    <include name="View_55_Wall_Info">
        <control type="group">
            <include>Animation.Common</include>
            <visible>Control.IsVisible(55)</visible>
            <include>ViewSlideForJumpBar</include>
            <control type="panel" id="55">
                <visible>String.Contains(Container.FolderPath,plugin://plugin.program.advanced.launcher/,left) | Container.Content(musicvideos) | Container.Content(movies) | Container.Content(tvshows) | Container.Content(seasons) | Container.Content(sets) | Container.Content(videos)</visible>
                <top>206</top>
                <right>70</right>
                <width>1135</width>
                <height>660</height>
                <onleft condition="!Skin.HasSetting(global.kioskmode)">9000</onleft>
                <onright>1605</onright>
                <onup>55</onup>
                <ondown>55</ondown>
                <preloaditems>2</preloaditems>
                <pagecontrol>1605</pagecontrol>
                <viewtype label="31521">list</viewtype>
                <include content="forced_view" condition="Skin.HasSetting(enable.forcedviews)">
                    <param name="string" value="$LOCALIZE[31521]" />
                </include>
                <include>ScrolltimeViewsList</include>
                <itemlayout height="330" width="227">
                    <control type="group">
                        <height>330</height>
                        <include content="include.widget.poster">
                            <param name="id" value="55"/>
                            <param name="indicatorbackground" value="true"/>
                            <param name="visible_title_overlay" value="Skin.HasSetting(view.title.overlay)"/>
                        </include>
                    </control>
                </itemlayout>
                <focusedlayout height="330" width="227">
                    <control type="group">
                        <control type="group">
                            <height>330</height>
                            <include content="include.widget.poster.focus">
                                <param name="id" value="55"/>
                                <param name="indicatorbackground" value="true"/>
                                <param name="visible_title_overlay" value="Skin.HasSetting(view.title.overlay)"/>
                            </include>
                        </control>
                    </control>
                </focusedlayout>
            </control>

            <!-- Scrollbar Start -->
            <control type="scrollbar" id="1605">
                <include content="scrollbar_vertical">
                    <param name="scrollid" value="1605"/>
                </include>
            </control>

            <!-- Scrollbar End -->
            <include content="Fanart_Info">
                <param name="posx" value="70"/>
            </include>
        </control>
    </include>
    
    <include name="View_55_Info_Include">
        <animation effect="fade" start="0" end="100" delay="1300" time="200" reversible="false">Focus</animation>
        <control type="label">
            <width>610</width>
            <height>50</height>
            <font>SmallBold</font>
            <textcolor>Light1</textcolor>
            <label>$INFO[ListItem.Label]</label>
        </control>
        <control type="textbox">
            <top>70</top>
            <width>610</width>
            <height>150</height>
            <font>Tiny</font>
            <textcolor>Light2</textcolor>
            <align>justify</align>
            <label>$INFO[ListItem.Plot]</label>
        </control>
        <control type="label">
            <top>230</top>
            <width>610</width>
            <height>50</height>
            <font>Tiny</font>
            <align>right</align>
            <textcolor>Light2</textcolor>
            <label>$VAR[View55SubLabel]</label>
        </control>
    </include>

    <include name="View_55_Info_Left">
        <control type="group">
            <left>35</left>
            <top>20</top>
            <include>View_55_Info_Include</include>
        </control>
    </include>

    <include name="View_55_Info_Right">
        <control type="group">
            <left>242</left>
            <top>20</top>
            <include>View_55_Info_Include</include>
        </control>
    </include>

    <include name="View_55_Wall">
        <control type="group">
            <include>Animation.Common</include>
            <visible>Control.IsVisible(55)</visible>
            <include>ViewSlideForJumpBar</include>
            <control type="panel" id="55">
                <visible>String.Contains(Container.FolderPath,plugin://plugin.program.advanced.launcher/,left) | Container.Content(musicvideos) | Container.Content(movies) | Container.Content(tvshows) | Container.Content(seasons) | Container.Content(sets) | Container.Content(videos)</visible>
                <top>206</top>
                <right>70</right>
                <left>70</left>
                <height>670</height>
                <onleft condition="!Skin.HasSetting(global.kioskmode)">9000</onleft>
                <onright>1606</onright>
                <onup>55</onup>
                <ondown>55</ondown>
                <preloaditems>2</preloaditems>
                <pagecontrol>1606</pagecontrol>
                <include content="forced_view" condition="Skin.HasSetting(enable.forcedviews)">
                    <param name="string" value="$LOCALIZE[31521]" />
                </include>
                <viewtype label="31521">list</viewtype>
                <include>ScrolltimeViewsList</include>
                <itemlayout height="335" width="222">
                    <control type="group">
                        <height>325</height>
                        <include content="include.widget.poster">
                            <param name="id" value="55"/>
                            <param name="indicatorbackground" value="true"/>
                            <param name="visible_title_overlay" value="Skin.HasSetting(view.title.overlay)"/>
                        </include>
                    </control>
                </itemlayout>
                <focusedlayout height="335" width="222">

                    <control type="group">
                        <visible>Skin.HasSetting(55wall.slideinfo) + !String.IsEqual(ListItem.Label,..)</visible>
                        <posx>0</posx>
                        <top>2</top>
                        <visible>Container(55).Column(0) | Container(55).Column(1) | Container(55).Column(2) | Container(55).Column(3)</visible>
                        <animation effect="fade" start="0" end="0" delay="0" time="50" tween="cubic" easing="inout" reversible="false">UnFocus</animation>
                        <animation effect="fade" start="0" end="0" delay="0" time="50" tween="cubic" easing="inout" reversible="false">Hidden</animation>
                        <control type="image">
                            <visible>Control.HasFocus(55)</visible>
                            <top>5</top>
                            <left>10</left>
                            <width>870</width>
                            <height>305</height>
                            <texture colordiffuse="Dark1" border="5">common/box.png</texture>
                            <animation type="Focus">
                                <effect type="zoom" start="10,0,202,311" end="10,0,868,311" tween="cubic" easing="inout" delay="1000" time="400"/>
                                <effect type="fade" start="0" end="100" tween="cubic" easing="inout" delay="200" time="150"/>
                            </animation>
                        </control>
                        <include>View_55_Info_Right</include>
                    </control>
                    <control type="group">
                        <posx>-668</posx>
                        <top>2</top>
                        <visible>Skin.HasSetting(55wall.slideinfo) + !String.IsEqual(ListItem.Label,..)</visible>
                        <visible>Container(55).Column(4) | Container(55).Column(5) | Container(55).Column(6) | Container(55).Column(7)</visible>
                        <animation effect="fade" start="0" end="0" delay="0" time="50" tween="cubic" easing="inout" reversible="false">UnFocus</animation>
                        <animation effect="fade" start="0" end="0" delay="0" time="50" tween="cubic" easing="inout" reversible="false">Hidden</animation>
                        <control type="image">
                            <top>5</top>
                            <right>10</right>
                            <width>870</width>
                            <height>328</height>
                            <texture colordiffuse="Dark1" border="5">common/box.png</texture>
                            <animation type="Focus">
                                <effect type="zoom" start="675,0,202,311" end="0,0,868,311" tween="cubic" easing="inout" delay="1000" time="400"/>
                                <effect type="fade" start="0" end="100" delay="200" time="150" tween="cubic" easing="inout"/>
                            </animation>
                        </control>
                        <include>View_55_Info_Left</include>
                    </control>
                    <control type="group">
                        <height>325</height>
                        <include content="include.widget.poster.focus">
                            <param name="id" value="55"/>
                            <param name="indicatorbackground" value="true"/>
                            <param name="visible_title_overlay" value="Skin.HasSetting(view.title.overlay)"/>
                        </include>
                    </control>
                </focusedlayout>
            </control>

            <!-- Scrollbar Start -->
            <control type="scrollbar" id="1606">
                <include content="scrollbar_vertical">
                    <param name="scrollid" value="1606"/>
                </include>
            </control>

            <!-- Scrollbar End -->
        </control>
    </include>

    <include name="View_555_Wall_Episodes">
        <control type="group">
            <include>Animation.Common</include>
            <visible>Control.IsVisible(555)</visible>
            <include>ViewSlideForJumpBar</include>
            <control type="panel" id="555">
                <top>206</top>
                <right>70</right>
                <left>70</left>
                <height>674</height>
                <onleft condition="!Skin.HasSetting(global.kioskmode)">9000</onleft>
                <onright>1607</onright>
                <onup>555</onup>
                <ondown>555</ondown>
                <preloaditems>2</preloaditems>
                <pagecontrol>1607</pagecontrol>
                <include content="forced_view" condition="Skin.HasSetting(enable.forcedviews)">
                    <param name="string" value="$LOCALIZE[31258]" />
                </include>
                <viewtype label="31258">list</viewtype>
                <include>ScrolltimeViewsList</include>
                <visible>Container.Content(movies) | Container.Content(musicvideos) | Container.Content(tvshows) | Container.Content(seasons) | Container.Content(episodes) | Container.Content(sets) | Container.Content(videos)</visible>
                <itemlayout height="337" width="444">
                    <control type="group">
                        <height>245</height>
                        <include content="include.widget.landscape">
                            <param name="id" value="555"/>
                            <param name="indicatorbackground" value="true"/>
                            <param name="height" value="245"/>
                        </include>
                    </control>
                    <control type="label">
                        <font>Tiny</font>
                        <left>15</left>
                        <right>15</right>
                        <bottom>40</bottom>
                        <align>left</align>
                        <textcolor>Dark1</textcolor>
                        <selectedcolor>Dark2</selectedcolor>
                        <label>$INFO[ListItem.Label]</label>
                    </control>
                    <control type="label">
                        <font>Tiny</font>
                        <left>15</left>
                        <right>15</right>
                        <bottom>40</bottom>
                        <align>right</align>
                        <textcolor>Dark2</textcolor>
                        <selectedcolor>Dark2</selectedcolor>
                        <label>$VAR[RatingLabel]</label>
                    </control>
                    <control type="label">
                        <font>Mini</font>
                        <left>15</left>
                        <right>15</right>
                        <bottom>3</bottom>
                        <align>left</align>
                        <textcolor>Dark2</textcolor>
                        <selectedcolor>Dark2</selectedcolor>
                        <label>$VAR[LabelYear]</label>
                    </control>
                    <control type="label">
                        <font>Mini</font>
                        <left>15</left>
                        <right>15</right>
                        <bottom>3</bottom>
                        <align>right</align>
                        <textcolor>Dark2</textcolor>
                        <selectedcolor>Dark2</selectedcolor>
                        <label>$VAR[LabelDuration]</label>
                    </control>
                </itemlayout>
                <focusedlayout height="337" width="444">
                    <control type="group">
                        <height>245</height>
                        <include content="include.widget.landscape.focus">
                            <param name="id" value="555"/>
                            <param name="indicatorbackground" value="true"/>
                            <param name="height" value="245"/>
                            <param name="glow_height" value="247" />
                            <param name="glow_top" value="-2"/>
                            <param name="glow_left" value="5"/>
                            <param name="glow_right" value="5"/>
                            <param name="glow_zoom" value="108"/>                            
                        </include>
                    </control>
                    <control type="label">
                        <font>Tiny</font>
                        <left>15</left>
                        <right>15</right>
                        <bottom>40</bottom>
                        <align>left</align>
                        <textcolor>Dark1</textcolor>
                        <selectedcolor>Dark2</selectedcolor>
                        <label>$INFO[ListItem.Label]</label>
                    </control>
                    <control type="label">
                        <font>Tiny</font>
                        <left>15</left>
                        <right>15</right>
                        <bottom>40</bottom>
                        <align>right</align>
                        <textcolor>Dark2</textcolor>
                        <selectedcolor>Dark2</selectedcolor>
                        <label>$VAR[RatingLabel]</label>
                    </control>
                    <control type="label">
                        <font>Mini</font>
                        <left>15</left>
                        <right>15</right>
                        <bottom>3</bottom>
                        <align>left</align>
                        <textcolor>Dark2</textcolor>
                        <selectedcolor>Dark2</selectedcolor>
                        <label>$VAR[LabelYear]</label>
                    </control>
                    <control type="label">
                        <font>Mini</font>
                        <left>15</left>
                        <right>15</right>
                        <bottom>3</bottom>
                        <align>right</align>
                        <textcolor>Dark2</textcolor>
                        <selectedcolor>Dark2</selectedcolor>
                        <label>$VAR[LabelDuration]</label>
                    </control>
                </focusedlayout>
            </control>

            <!-- Scrollbar Start -->
            <control type="scrollbar" id="1607">
                <include content="scrollbar_vertical">
                    <param name="scrollid" value="1607"/>
                </include>
            </control>

            <!-- Scrollbar End -->
        </control>
    </include>
</includes>