<?xml version="1.0" encoding="UTF-8"?>
<!-- Foundation -->
<window>
    <include>DefOSDButtonsOSDCancelTimeout</include>
    <controls>
        <control type="group">
            <animation effect="fade" start="100" end="0" time="400" condition="Window.IsVisible(SliderDialog)">Conditional</animation>
            <include>GlobalOverlay</include>
        </control>
        <control type="group">
            <animation effect="fade" start="100" end="0" time="400" condition="Window.IsVisible(SliderDialog)">Conditional</animation>
            <height>866</height>
            <width>1100</width>
            <include>DefDialogInfoPanel</include>
            <control type="label" id="2">
                <description>Header Label</description>
                <left>100</left>
                <width>1000</width>
                <posy>20</posy>
                <include>FontTop</include>
                <textcolor>Dark2</textcolor>
            </control>
            <include content="Kodi_Logo">
                <param name="dimensions" value="40"/>
                <param name="top" value="35"/>
                <param name="left" value="45"/>
            </include>

            <!-- Lines -->
            <control type="image">
                <top>90</top>
                <left>45</left>
                <width>1010</width>
                <height>1</height>
                <bottom>10</bottom>
                <colordiffuse>Black12</colordiffuse>
                <texture>common/white.png</texture>
            </control>
            <control type="image">
                <top>110</top>
                <left>15</left>
                <height>66</height>
                <width>1070</width>
                <texture colordiffuse="$VAR[ColorSelectOtherBar]" border="5">common/box.png</texture>
                <visible>ControlGroup(5).HasFocus()</visible>
                <animation effect="fade" start="100" end="100" delay="20" time="1">Visible</animation>
                <animation effect="slide" end="0,69" time="0" condition="Integer.IsGreater(Container(5).Position,0)">Conditional</animation>
                <animation effect="slide" end="0,69" time="0" condition="Integer.IsGreater(Container(5).Position,1)">Conditional</animation>
                <animation effect="slide" end="0,69" time="0" condition="Integer.IsGreater(Container(5).Position,2)">Conditional</animation>
                <animation effect="slide" end="0,69" time="0" condition="Integer.IsGreater(Container(5).Position,3)">Conditional</animation>
                <animation effect="slide" end="0,69" time="0" condition="Integer.IsGreater(Container(5).Position,4)">Conditional</animation>
                <animation effect="slide" end="0,69" time="0" condition="Integer.IsGreater(Container(5).Position,5)">Conditional</animation>
                <animation effect="slide" end="0,69" time="0" condition="Integer.IsGreater(Container(5).Position,6)">Conditional</animation>
                <animation effect="slide" end="0,69" time="0" condition="Integer.IsGreater(Container(5).Position,7)">Conditional</animation>
            </control>
            <control type="grouplist" id="5">
                <description>Control Area</description>
                <usecontrolcoords>true</usecontrolcoords>
                <left>15</left>
                <right>15</right>
                <top>110</top>
                <height>618</height>
                <itemgap>3</itemgap>
                <orientation>vertical</orientation>
                <pagecontrol>60</pagecontrol>
                <onleft>8000</onleft>
                <onright>8000</onright>
                <onup>8000</onup>
                <ondown>8000</ondown>
                <scrolltime>0</scrolltime>
            </control>
            <control type="grouplist" id="8000">
                <bottom>30</bottom>
                <orientation>horizontal</orientation>
                <height>66</height>
                <itemgap>30</itemgap>
                <width>100%</width>
                <align>center</align>
                <onup>5</onup>
                <ondown>5</ondown>
                <control type="button" id="28">
                    <description>OK</description>
                    <width>270</width>
                    <font>Button</font>
                    <texturefocus colordiffuse="$VAR[ColorHighlight]" border="5">common/box.png</texturefocus>
                    <texturenofocus colordiffuse="Black12" border="5">common/box.png</texturenofocus>
                </control>
                <control type="button" id="29">
                    <description>Defaults</description>
                    <width>270</width>
                    <font>Button</font>
                    <texturefocus colordiffuse="$VAR[ColorHighlight]" border="5">common/box.png</texturefocus>
                    <texturenofocus colordiffuse="Black12" border="5">common/box.png</texturenofocus>
                </control>
                <control type="button" id="30">
                    <description>Defaults</description>
                    <width>270</width>
                    <font>Button</font>
                    <texturefocus colordiffuse="$VAR[ColorHighlight]" border="5">common/box.png</texturefocus>
                    <texturenofocus colordiffuse="Black12" border="5">common/box.png</texturenofocus>
                </control>
            </control>
            <control type="button" id="7">
                <description>Default Button</description>
                <align>left</align>
                <textureup flipy="true" colordiffuse="FF404040">buttons/spin-down.png</textureup>
                <texturedown colordiffuse="PanelWhite30">buttons/spin-down.png</texturedown>
                <textureupfocus flipy="true" colordiffuse="PanelWhite100">buttons/spin-down.png</textureupfocus>
                <texturedownfocus colordiffuse="PanelWhite100">buttons/spin-down.png</texturedownfocus>
                <textureradiofocus colordiffuse="PanelWhite70">buttons/radio-on.png</textureradiofocus>
                <textureradionofocus colordiffuse="PanelWhite70">buttons/radio-off.png</textureradionofocus>
                <focusedcolor>Selected</focusedcolor>
                <alttexturefocus colordiffuse="$VAR[ColorHighlightOtherBar]" border="5">common/gradient-box-wide.png</alttexturefocus>
                <texturefocus colordiffuse="$VAR[ColorHighlightOtherBar]" border="5">common/gradient-box-wide.png</texturefocus>
            </control>
            <control type="radiobutton" id="8">
                <description>Default RadioButton</description>
                <align>left</align>
                <radioposx>1010</radioposx>
                <texturefocus colordiffuse="$VAR[ColorHighlightOtherBar]" border="8">common/gradient-box-wide.png</texturefocus>
            </control>
            <control type="spincontrolex" id="9">
                <description>Default spincontrolex</description>
                <align>left</align>
                <reverse>yes</reverse>
                <texturefocus colordiffuse="$VAR[ColorHighlightOtherBar]" border="8">common/gradient-box-wide.png</texturefocus>
            </control>
            <control type="image" id="11">
                <visible>false</visible>
            </control>
            <control type="edit" id="12">
                <description>Default Button</description>
                <align>left</align>
                <texturefocus colordiffuse="$VAR[ColorHighlightOtherBar]" border="8">common/gradient-box-wide.png</texturefocus>
            </control>
            <control type="sliderex" id="13">
                <description>Default Slider</description>
                <texturefocus colordiffuse="$VAR[ColorHighlightOtherBar]" border="8">common/gradient-box-wide.png</texturefocus>
            </control>
            <control type="label" id="14">
                <description>Default Button</description>
                <align>left</align>
                <textoffsetx>20</textoffsetx>
                <texturefocus colordiffuse="$VAR[ColorHighlightOtherBar]" border="8">common/gradient-box-wide.png</texturefocus>
                <textcolor>PanelWhite30</textcolor>
                <include>DefSettingsButtonNew</include>
            </control>
        </control>
    </controls>
</window>