<?xml version="1.0" encoding="UTF-8"?>
<!-- Foundation -->
<includes>

    <include name="View_517_WallSmall_Dimensions_Normal">
        <right>44</right>
        <width>1806</width>
    </include>

    <include name="View_517_WallSmall_Dimensions_Poster">
        <right>0</right>
        <width>1406</width>
    </include>

    <include name="View_517_WallSmall">
        <control type="group">
            <include>Animation.Common</include>
            <visible>Control.IsVisible(517)</visible>
            <include>JumpBarHorizontal</include>
            <include>ViewSlideForJumpBar</include>
            <control type="panel" id="517">
                <!--<oninfo condition="ListItem.IsCollection">ActivateWindow(1132)</oninfo>-->
                <visible>Container.Content(musicvideos) | Container.Content(movies) | Container.Content(tvshows) | Container.Content(sets)</visible>
                <top>206</top>
                <include condition="!Skin.HasSetting(ShowPoster517)">View_517_WallSmall_Dimensions_Normal</include>
                <include condition="Skin.HasSetting(ShowPoster517)">View_517_WallSmall_Dimensions_Poster</include>
                <height>672</height>
                <onleft condition="!Skin.HasSetting(global.kioskmode)">9000</onleft>
                <onright>1604</onright>
                <onup>517</onup>
                <ondown>517</ondown>
                <preloaditems>2</preloaditems>
                <pagecontrol>1604</pagecontrol>
                <include content="forced_view" condition="Skin.HasSetting(enable.forcedviews)">
                    <param name="string" value="$LOCALIZE[37782]" />
                </include>
                <viewtype label="37782">list</viewtype>
                <scrolltime tween="quadratic">400</scrolltime>
                <itemlayout height="224" width="148">
                    <control type="image">
                        <left>2</left>
                        <top>0</top>
                        <right>0</right>
                        <bottom>11</bottom>
                        <texture border="10">common/$VAR[nofocus-shadow10]</texture>
                    </control>
                    <control type="image">
                        <left>12</left>
                        <top>10</top>
                        <right>10</right>
                        <bottom>22</bottom>
                        <texture colordiffuse="Fallback" border="4" background="true">common/box.png</texture>
                    </control>                    
                    <control type="image">
                        <left>12</left>
                        <top>10</top>
                        <right>10</right>
                        <bottom>22</bottom>
                        <aspectratio scalediffuse="false">scale</aspectratio>
                        <texture diffuse="diffuse/wall.png" background="true">$VAR[PosterImage]</texture>
                        <visible>true</visible><!--default_true-->
                    </control>
                    <control type="image">
                        <left>12</left>
                        <top>10</top>
                        <right>10</right>
                        <bottom>22</bottom>
                        <aspectratio scalediffuse="false">keep</aspectratio>
                        <texture diffuse="diffuse/wall.png" background="true">$INFO[ListItem.Icon]</texture>
                        <visible>false</visible><!--default_false-->  
                    </control>
                    <control type="image">
                        <left>11</left>
                        <top>9</top>
                        <right>9</right>
                        <bottom>21</bottom>
                        <texture colordiffuse="Box2" border="4" background="true">common/box21.png</texture>
                        <visible>!Skin.HasSetting(thumbnails.white)</visible>
                    </control>
                    <control type="label">
                        <align>center</align>
                        <aligny>center</aligny>
                        <width>50</width>
                        <right>7</right>
                        <top>6</top>
                        <height>50</height>
                        <textcolor>$VAR[WatchedBackingColor]</textcolor>
                        <font>SymbolPosterBackground</font>
                        <label>$VAR[WatchedBacking]</label>
                        <visible>!String.IsEqual(ListItem.Label,..)</visible>
                    </control>
                    <control type="label">
                        <align>center</align>
                        <aligny>center</aligny>
                        <width>50</width>
                        <right>7</right>
                        <top>6</top>
                        <height>50</height>
                        <textcolor>$VAR[WatchedLabelPosterColor]</textcolor>
                        <font>SymbolPoster</font>
                        <label>$VAR[WatchedLabelPoster]</label>
                        <visible>!String.IsEqual(ListItem.Label,..)</visible>
                    </control>
                </itemlayout>
                <focusedlayout height="224" width="148">
                    <control type="image">
                        <left>2</left>
                        <top>0</top>
                        <right>0</right>
                        <bottom>11</bottom>
                        <texture border="10">common/$VAR[nofocus-shadow10]</texture>
                    </control>
                    <control type="image">
                        <left>12</left>
                        <top>10</top>
                        <right>10</right>
                        <bottom>22</bottom>
                        <texture colordiffuse="Fallback" border="4" background="true">common/box.png</texture>
                    </control>                    
                    <control type="image">
                        <left>12</left>
                        <top>10</top>
                        <right>10</right>
                        <bottom>22</bottom>
                        <aspectratio scalediffuse="false">scale</aspectratio>
                        <texture diffuse="diffuse/wall.png" background="true">$VAR[PosterImage]</texture>
                        <visible>true</visible><!--default_true-->
                    </control>
                    <control type="image">
                        <left>12</left>
                        <top>10</top>
                        <right>10</right>
                        <bottom>22</bottom>
                        <aspectratio scalediffuse="false">keep</aspectratio>
                        <texture diffuse="diffuse/wall.png" background="true">$INFO[ListItem.Icon]</texture>
                        <visible>false</visible><!--default_false-->  
                    </control>
                    <control type="image">
                        <left>11</left>
                        <top>9</top>
                        <right>9</right>
                        <bottom>21</bottom>
                        <texture colordiffuse="Box2" border="4" background="true">common/box21.png</texture>
                        <visible>!Skin.HasSetting(thumbnails.white)</visible>
                    </control>
                    <control type="label">
                        <align>center</align>
                        <aligny>center</aligny>
                        <width>50</width>
                        <right>7</right>
                        <top>6</top>
                        <height>50</height>
                        <textcolor>$VAR[WatchedBackingColor]</textcolor>
                        <font>SymbolPosterBackground</font>
                        <label>$VAR[WatchedBacking]</label>
                        <visible>!String.IsEqual(ListItem.Label,..)</visible>
                    </control>
                    <control type="label">
                        <align>center</align>
                        <aligny>center</aligny>
                        <width>50</width>
                        <right>7</right>
                        <top>6</top>
                        <height>50</height>
                        <textcolor>$VAR[WatchedLabelPosterColor]</textcolor>
                        <font>SymbolPoster</font>
                        <label>$VAR[WatchedLabelPoster]</label>
                        <visible>!String.IsEqual(ListItem.Label,..)</visible>
                    </control>
                    <control type="image">
                        <include>Animation.SelectBoxHome</include>
                        <left>5</left>
                        <top>3</top>
                        <right>3</right>
                        <bottom>15</bottom>
                        <texture border="20" colordiffuse="$VAR[ColorSquares]">common/selectbox.png</texture>
                    </control>
                    <control type="image">
                        <include>Animation.SelectBoxHome</include>
                        <left>5</left>
                        <top>3</top>
                        <right>3</right>
                        <bottom>15</bottom>
                        <texture border="20" colordiffuse="$VAR[ColorHighlightSelectbox2]">common/gradient-selectbox.png</texture>
                    </control>
                </focusedlayout>
            </control>

            <!-- Scrollbar Start -->
            <control type="scrollbar" id="1604">
                <include content="scrollbar_vertical">
                    <param name="scrollid" value="1604"/>
                </include>
            </control>

            <!-- Scrollbar End -->
            <include condition="Skin.HasSetting(ShowPoster517)">View_50_SidePoster</include>
        </control>
    </include>
</includes>