<?xml version="1.0" encoding="UTF-8"?>
<!-- Foundation -->
<window type="dialog" id="1110">
    <zorder>1</zorder>
    <defaultcontrol always="true">9000</defaultcontrol>
    <include>DefOSDButtonsOSDCancelTimeout</include>
    <controls>
        <include>GlobalOverlay</include>
        <include>Animation.Common</include>
        <control type="image">
            <left>717</left>
            <top>380</top>
            <width>466</width>
            <height>360</height>
            <colordiffuse>White100</colordiffuse>
            <texture border="16">common/rounded-shadow8.png</texture>
        </control>
        <control type="group">
            <height>490</height>
            <left>732</left>
            <top>350</top>
            <control type="image">
                <description>arrow image</description>
                <left>200</left>
                <top>15</top>
                <width>16</width>
                <height>16</height>
                <texture colordiffuse="White70" flipy="true">common/arrow-small.png</texture>
            </control>
            <control type="image">
                <description>arrow image</description>
                <left>200</left>
                <top>390</top>
                <width>16</width>
                <height>16</height>
                <texture colordiffuse="White70" flipy="false">common/arrow-small.png</texture>
            </control>
        </control>
        <control type="group">
            <left>740</left>
            <top>405</top>
            <control type="label">
                <description>Header Label</description>
                <left>70</left>
                <width>1000</width>
                <posy>0</posy>
                <include>FontTop</include>
                <textcolor>Dark2</textcolor>
                <label>5</label>
            </control>
            <include>Kodi_Logo</include>

            <!-- Lines -->
            <control type="image">
                <top>70</top>
                <left>17</left>
                <width>385</width>
                <height>1</height>
                <bottom>10</bottom>
                <colordiffuse>Black12</colordiffuse>
                <texture>common/white.png</texture>
            </control>
        </control>
        <control type="image">
            <top>500</top>
            <left>725</left>
            <height>70</height>
            <width>450</width>
            <texture colordiffuse="$VAR[ColorSelectOtherBar]">common/white.png</texture>
            <visible>ControlGroup(9000).HasFocus()</visible>
            <animation effect="slide" end="0,75" time="0" condition="Integer.IsGreater(Container(9000).Position,0)">Conditional</animation>
            <animation effect="slide" end="0,75" time="0" condition="Integer.IsGreater(Container(9000).Position,1)">Conditional</animation>
        </control>
        <control type="grouplist" id="9000">
            <height>1080</height>
            <left>725</left>
            <top>500</top>
            <onright>Dialog.Close(1110)</onright>
            <onleft>Dialog.Close(1110)</onleft>
            <control type="button" id="97">
                <description>Filter</description>
                <include>DefContextButtonGradient</include>
                <label>$LOCALIZE[250]:</label>
                <label2 fallback="424">$INFO[Visualisation.Name]</label2>
                <align>left</align>
                <onclick>SendClick(500)</onclick>
                <visible>!String.IsEmpty(Visualisation.Name)</visible>
            </control>
            <control type="button" id="98">
                <description>Filter</description>
                <include>DefContextButtonGradient</include>
                <label>$LOCALIZE[250]:</label>
                <label2>424</label2>
                <align>left</align>
                <onclick>SendClick(500)</onclick>
                <visible>String.IsEmpty(Visualisation.Name)</visible>
            </control>
            <control type="button" id="99">
                <description>Filter</description>
                <include>DefContextButtonGradient</include>
                <label>$LOCALIZE[24010]-$LOCALIZE[5]</label>
                <align>left</align>
                <onclick>Addon.Default.OpenSettings(xbmc.player.musicviz)</onclick>
                <enable>!String.IsEmpty(Visualisation.Name)</enable>
            </control>
            <control type="button" id="100">
                <description>Filter</description>
                <include>DefContextButtonGradient</include>
                <align>left</align>
                <label>$LOCALIZE[13388]:</label>
                <label2>$INFO[Visualisation.Preset]</label2>
                <onclick>ActivateWindow(visualisationpresetlist)</onclick>
                <enable>Visualisation.HasPresets</enable>
            </control>
        </control>
    </controls>
</window>
