<?xml version="1.0" encoding="UTF-8"?>
<!-- Foundation -->
<window id="2000">
    <defaultcontrol always="true">3</defaultcontrol>
    <onunload>ClearProperty(SetUserRating,home)</onunload>
    <onunload>ClearProperty(SetUserRating2,home)</onunload>
    <onload>ClearProperty(down)</onload>
    <onunload>ClearProperty(down)</onunload>
    <onload condition="!String.IsEmpty(Window(home).Property(SetUserRating)) + !String.IsEmpty(Window(home).Property(SetUserRating2))">SetFocus(21)</onload>
    <controls>
        <control type="group">
            <visible>!Window.IsActive(gamestretchmode) + !Window.IsActive(gamevideofilter) + !Window.IsActive(gamevideorotation) + !Window.IsActive(gameosd)</visible>
            <include>GlobalOverlay</include>
        </control>
        <control type="group">
            <visible>!Window.IsActive(gamestretchmode) + !Window.IsActive(gamevideofilter) + !Window.IsActive(gamevideorotation) + !Window.IsActive(gameosd)</visible>
            <include condition="String.IsEmpty(Window(home).Property(SetUserRating)) + String.IsEmpty(Window(home).Property(SetUserRating2))">DefDialogBackground</include>
            <include condition="!String.IsEmpty(Window(home).Property(SetUserRating)) | !String.IsEmpty(Window(home).Property(SetUserRating))">DefDialogBackgroundRating</include>
            <control type="label" id="1">
                <include condition="String.IsEmpty(Window(home).Property(SetUserRating)) + String.IsEmpty(Window(home).Property(SetUserRating2))">DefDialogHeader</include>
                <include condition="!String.IsEmpty(Window(home).Property(SetUserRating)) | !String.IsEmpty(Window(home).Property(SetUserRating))">DefDialogHeaderUserRating</include>
                <label/>
            </control>
            <include content="Kodi_Logo">
                <param name="dimensions" value="40"/>
                <param name="top" value="40"/>
                <param name="left" value="40"/>
            </include>

            <!-- Lines -->
            <control type="image">
                <top>95</top>
                <left>40</left>
                <right>40</right>
                <height>1</height>
                <bottom>10</bottom>
                <colordiffuse>Black12</colordiffuse>
                <texture>common/white.png</texture>
            </control>
            <include condition="String.IsEmpty(Window(home).Property(SetUserRating)) + String.IsEmpty(Window(home).Property(SetUserRating2))">DialogSelect</include>
            <include condition="!String.IsEmpty(Window(home).Property(SetUserRating)) | !String.IsEmpty(Window(home).Property(SetUserRating))">DialogSelectUserRating</include>
            <include content="scrollbar_dialog">
                <param name="scrollid" value="1723"/>
                <param name="onleft" value="3"/>
                <param name="onright" value="1888"/>
                <param name="visible" value="Control.IsVisible(3) + !Control.IsVisible(6) + !Window.IsActive(gamestretchmode) + !Window.IsActive(gamevideofilter) + !Window.IsActive(gamevideorotation) + !Window.IsActive(gameosd)" />
            </include>
            <include content="scrollbar_dialog">
                <param name="scrollid" value="1723"/>
                <param name="onleft" value="11"/>
                <param name="onright" value="1888"/>
                <param name="visible" value="Control.IsVisible(11) + !Control.IsVisible(6) + !Control.IsVisible(3) + [Window.IsActive(gamestretchmode) | Window.IsActive(gamevideofilter) | Window.IsActive(gamevideorotation) | Window.IsActive(gameosd)]" />
            </include>
            <include content="scrollbar_dialog">
                <param name="scrollid" value="1723"/>
                <param name="onleft" value="6"/>
                <param name="onright" value="1888"/>
                <param name="visible" value="Control.IsVisible(6) + !Control.IsVisible(3) + !Window.IsActive(gamestretchmode) + !Window.IsActive(gamevideofilter) + !Window.IsActive(gamevideorotation) + !Window.IsActive(gameosd)" />
            </include>
            <control type="list" id="6">
                <posx>8</posx>
                <posy>115</posy>
                <width>700</width>
                <height>690</height>
                <onleft>5</onleft>
                <onright>1723</onright>
                <pagecontrol>1723</pagecontrol>
                <onup>6</onup>
                <ondown>6</ondown>
                <itemlayout height="138">
                    <control type="image">
                        <posx>32</posx>
                        <posy>12</posy>
                        <width>111</width>
                        <height>111</height>
                        <aspectratio scalediffuse="false">scale</aspectratio>
                        <texture diffuse="diffuse/dialogselect.png" fallback="DefaultAddonNone.png">$VAR[DialogSelectImageList]</texture>
                        <visible>!Skin.HasSetting(global.hidecirles)</visible>
                    </control>
                    <control type="image">
                        <posx>32</posx>
                        <posy>12</posy>
                        <width>111</width>
                        <height>111</height>
                        <aspectratio scalediffuse="false">keep</aspectratio>
                        <texture fallback="DefaultAddonNone.png">$VAR[DialogSelectImageList]</texture>
                        <visible>Skin.HasSetting(global.hidecirles)</visible>
                    </control>
                    <control type="image">
                        <top>11</top>
                        <left>31</left>
                        <width>113</width>
                        <height>113</height>
                        <texture colordiffuse="Box2" border="4" background="true">common/box21.png</texture>
                        <visible>!Skin.HasSetting(thumbnails.white) + Skin.HasSetting(global.hidecirles)</visible>
                    </control>
                    <control type="label">
                        <posy>-18</posy>
                        <posx>170</posx>
                        <width>496</width>
                        <height>135</height>
                        <font>Small</font>
                        <textcolor>Black70</textcolor>
                        <selectedcolor>Black70</selectedcolor>
                        <label>$INFO[ListItem.Label]</label>
                        <animation effect="slide" end="0,18" condition="String.IsEmpty(ListItem.Label2)">Conditional</animation>
                    </control>
                    <control type="label">
                        <posx>170</posx>
                        <posy>18</posy>
                        <width>496</width>
                        <height>135</height>
                        <font>Mini</font>
                        <textcolor>Black70</textcolor>
                        <selectedcolor>Black70</selectedcolor>
                        <label>$INFO[ListItem.Label2]</label>
                    </control>
                    <control type="image">
                        <right>30</right>
                        <centertop>50%</centertop>
                        <width>24</width>
                        <height>24</height>
                        <texture colordiffuse="$VAR[ColorHighlight]">osd/minicheck_big.png</texture>
                        <visible>ListItem.IsSelected</visible>
                    </control>
                </itemlayout>
                <focusedlayout height="138">
                    <control type="group">
                        <visible>!Control.HasFocus(6)</visible>
                        <control type="image">
                            <posx>32</posx>
                            <posy>12</posy>
                            <width>111</width>
                            <height>111</height>
                            <aspectratio scalediffuse="false">scale</aspectratio>
                            <texture diffuse="diffuse/dialogselect.png" fallback="DefaultAddonNone.png">$VAR[DialogSelectImageList]</texture>
                            <visible>!Skin.HasSetting(global.hidecirles)</visible>
                        </control>
                        <control type="image">
                            <posx>32</posx>
                            <posy>12</posy>
                            <width>111</width>
                            <height>111</height>
                            <aspectratio scalediffuse="false">keep</aspectratio>
                            <texture fallback="DefaultAddonNone.png">$VAR[DialogSelectImageList]</texture>
                            <visible>Skin.HasSetting(global.hidecirles)</visible>
                        </control>
                        <control type="image">
                            <top>11</top>
                            <left>31</left>
                            <width>113</width>
                            <height>113</height>
                            <texture colordiffuse="Box2" border="4" background="true">common/box21.png</texture>
                            <visible>!Skin.HasSetting(thumbnails.white) + Skin.HasSetting(global.hidecirles)</visible>
                        </control>
                        <control type="label">
                            <posy>-18</posy>
                            <posx>170</posx>
                            <width>496</width>
                            <height>135</height>
                            <font>Small</font>
                            <textcolor>Black70</textcolor>
                            <selectedcolor>Black70</selectedcolor>
                            <info>ListItem.Label</info>
                            <animation effect="slide" end="0,18" condition="String.IsEmpty(ListItem.Label2)">Conditional</animation>
                        </control>
                        <control type="label">
                            <posx>170</posx>
                            <posy>18</posy>
                            <width>496</width>
                            <height>135</height>
                            <font>Mini</font>
                            <textcolor>Black70</textcolor>
                            <selectedcolor>Black70</selectedcolor>
                            <label>$INFO[ListItem.Label2]</label>
                        </control>
                        <control type="image">
                            <right>30</right>
                            <centertop>50%</centertop>
                            <width>24</width>
                            <height>24</height>
                            <texture colordiffuse="ffffffff">osd/minicheck_big.png</texture>
                            <visible>ListItem.IsSelected</visible>
                        </control>
                    </control>
                    <control type="group">
                        <visible>Control.HasFocus(6)</visible>
                        <control type="image">
                            <width>696</width>
                            <height>135</height>
                            <texture border="5" colordiffuse="$VAR[ColorHighlight]">common/white.png</texture>
                        </control>
                        <control type="image">
                            <width>696</width>
                            <height>135</height>
                            <texture border="8" colordiffuse="$VAR[ColorHighlightOtherBar]">common/gradient-box-wide-cut.png</texture>
                        </control>
                        <control type="image">
                            <posx>32</posx>
                            <posy>12</posy>
                            <width>111</width>
                            <height>111</height>
                            <aspectratio scalediffuse="false">scale</aspectratio>
                            <texture diffuse="diffuse/dialogselect.png" fallback="DefaultAddonNone.png">$VAR[DialogSelectImageList]</texture>
                            <visible>!Skin.HasSetting(global.hidecirles)</visible>
                        </control>
                        <control type="image">
                            <posx>32</posx>
                            <posy>12</posy>
                            <width>111</width>
                            <height>111</height>
                            <aspectratio scalediffuse="false">keep</aspectratio>
                            <texture fallback="DefaultAddonNone.png">$VAR[DialogSelectImageList]</texture>
                            <visible>Skin.HasSetting(global.hidecirles)</visible>
                        </control>
                        <control type="image">
                            <top>11</top>
                            <left>31</left>
                            <width>113</width>
                            <height>113</height>
                            <texture colordiffuse="Box2" border="4" background="true">common/box21.png</texture>
                            <visible>!Skin.HasSetting(thumbnails.white) + Skin.HasSetting(global.hidecirles)</visible>
                        </control>
                        <control type="label">
                            <posy>-18</posy>
                            <posx>170</posx>
                            <width>496</width>
                            <height>135</height>
                            <font>Small</font>
                            <textcolor>Selected</textcolor>
                            <selectedcolor>Selected</selectedcolor>
                            <label>$INFO[ListItem.Label]</label>
                            <animation effect="slide" end="0,18" condition="String.IsEmpty(ListItem.Label2)">Conditional</animation>
                        </control>
                        <control type="label">
                            <posx>170</posx>
                            <posy>18</posy>
                            <width>496</width>
                            <height>135</height>
                            <font>Mini</font>
                            <textcolor>Selected</textcolor>
                            <selectedcolor>Selected</selectedcolor>
                            <label>$INFO[ListItem.Label2]</label>
                        </control>
                        <control type="image">
                            <right>30</right>
                            <centertop>50%</centertop>
                            <width>24</width>
                            <height>24</height>
                            <texture colordiffuse="Selected">osd/minicheck_big.png</texture>
                            <visible>ListItem.IsSelected</visible>
                        </control>
                    </control>
                </focusedlayout>
            </control>
            <control type="group" id="1888">
                <control type="button" id="5">
                    <description>Manual</description>
                    <posx>738</posx>
                    <posy>115</posy>
                    <width>300</width>
                    <height>66</height>
                    <align>center</align>
                    <label>368</label>
                    <onleft>1723</onleft>
                    <onup>3</onup>
                    <ondown>7</ondown>
                    <font>Button</font>
                    <textcolor>Black70</textcolor>
                    <texturefocus colordiffuse="$VAR[ColorHighlight]" border="5">common/box.png</texturefocus>
                    <!--<animation effect="slide" start="0" end="22,-100" condition="!Control.IsVisible(6)">Conditional</animation>-->
                </control>
                <control type="button" id="7">
                    <description>Cancel</description>
                    <posx>738</posx>
                    <posy>195</posy>
                    <width>300</width>
                    <height>66</height>
                    <align>center</align>
                    <label>222</label>
                    <onleft>1723</onleft>
                    <onup>5</onup>
                    <ondown>3</ondown>
                    <font>Button</font>
                    <textcolor>Black70</textcolor>
                    <texturefocus colordiffuse="$VAR[ColorHighlight]" border="5">common/box.png</texturefocus>
                    <!--<animation effect="slide" start="0" end="22,-100" condition="!Control.IsVisible(6)">Conditional</animation>-->
                    <visible>!Control.IsVisible(21)</visible>
                    <animation effect="slide" start="0" end="0,-80" condition="!Control.IsVisible(5)">Conditional</animation>
                </control>
            </control>
            <control type="image">
                <description>Large Icon Image</description>
                <posx>738</posx>
                <posy>357</posy>
                <width>300</width>
                <height>450</height>
                <texture fallback="DefaultAddonNone.png">$VAR[DialogSelectImageBig]</texture>
                <aspectratio align="center" aligny="bottom">keep</aspectratio>
                <visible>Control.IsVisible(6)</visible>
            </control>
            <control type="image">
                <posx>705</posx>
                <top>120</top>
                <height>687</height>
                <width>1</width>
                <texture colordiffuse="Black12">common/white.png</texture>
                <visible>!Control.IsVisible(21)</visible>
                <animation effect="fade" start="0" end="100" time="100" condition="!Control.HasFocus(1723) + !Container.Scrolling">Conditional</animation>
            </control>
            <include condition="String.IsEmpty(Window(home).Property(SetUserRating)) + String.IsEmpty(Window(home).Property(SetUserRating2))">DialogSelectlabelInclude</include>
        </control>
        <control type="textbox" id="12">
            <description>Description Area</description>
            <visible>false</visible>
        </control>
        <control type="group">
            <top>710</top>
            <include>Animation.ZoomIn</include>
            <include>Animation.FadeOut</include>
            <control type="group">
                <width>242</width>
                <height>270</height>
                <top>20</top>
                <left>SidePad</left>
                <visible>!String.IsEmpty(Control.GetLabel(12))</visible>
                <control type="image">
                    <width>100%</width>
                    <height>100%</height>
                    <texture colordiffuse="Light1" border="4">common/diffuse_box.png</texture>
                </control>
                <control type="textbox">
                    <description>Description Area</description>
                    <left>25</left>
                    <top>22</top>
                    <bottom>25</bottom>
                    <right>25</right>
                    <font>Tiny</font>
                    <textcolor>Dark2</textcolor>
                    <label>$INFO[Control.GetLabel(12)]</label>
                </control>
                <control type="image">
                    <width>100%</width>
                    <height>100%</height>
                    <texture colordiffuse="Box2" border="4" background="true">common/box21.png</texture>
                    <visible>!Skin.HasSetting(thumbnails.white)</visible>
                </control>
            </control>
            <control type="fixedlist" id="11">
                <animation effect="slide" start="0" end="260,0" condition="!String.IsEmpty(Control.GetLabel(12))">Conditional</animation>
                <top>0</top>
                <left>70</left>
                <right>SidePad</right>
                <height>310</height>
                <movement>3</movement>
                <preloaditems>2</preloaditems>
                <orientation>horizontal</orientation>
                <itemlayout width="440" height="310">
                    <control type="image">
                        <top>20</top>
                        <left>10</left>
                        <width>424</width>
                        <height>270</height>
                        <texture colordiffuse="Light1" border="4">common/diffuse_box.png</texture>
                    </control>
                    <control type="gamewindow">
                        <top>30</top>
                        <left>10</left>
                        <width>424</width>
                        <height>200</height>
                        <videofilter>$INFO[ListItem.Property(game.videofilter)]</videofilter>
                        <stretchmode>$INFO[ListItem.Property(game.stretchmode)]</stretchmode>
                        <rotation>$INFO[ListItem.Property(game.videorotation)]</rotation>
                    </control>
                    <control type="label">
                        <bottom>35</bottom>
                        <height>40</height>
                        <align>left</align>
                        <left>10</left>
                        <font>Tiny</font>
                        <textoffsetx>20</textoffsetx>
                        <label>$INFO[ListItem.Label]</label>
                        <textcolor>Dark2</textcolor>
                    </control>
                    <control type="label">
                        <bottom>35</bottom>
                        <height>40</height>
                        <align>right</align>
                        <right>10</right>
                        <font>Tiny</font>
                        <textoffsetx>20</textoffsetx>
                        <label>$INFO[ListItem.Label2]</label>
                        <textcolor>Dark2</textcolor>
                    </control>
                    <control type="image">
                        <top>20</top>
                        <left>10</left>
                        <width>424</width>
                        <height>270</height>
                        <texture colordiffuse="Box2" border="4" background="true">common/box21.png</texture>
                        <visible>!Skin.HasSetting(thumbnails.white)</visible>
                    </control>
                </itemlayout>
                <focusedlayout width="440" height="310">
                    <control type="image">
                        <top>20</top>
                        <left>10</left>
                        <width>424</width>
                        <height>270</height>
                        <texture colordiffuse="Light1" border="4">common/diffuse_box.png</texture>
                    </control>
                    <control type="gamewindow">
                        <top>30</top>
                        <left>10</left>
                        <width>424</width>
                        <height>200</height>
                        <videofilter>$INFO[ListItem.Property(game.videofilter)]</videofilter>
                        <stretchmode>$INFO[ListItem.Property(game.stretchmode)]</stretchmode>
                        <rotation>$INFO[ListItem.Property(game.videorotation)]</rotation>
                    </control>
                    <control type="label">
                        <bottom>35</bottom>
                        <height>40</height>
                        <align>left</align>
                        <left>10</left>
                        <font>Tiny</font>
                        <textoffsetx>20</textoffsetx>
                        <label>$INFO[ListItem.Label]</label>
                        <textcolor>Dark2</textcolor>
                    </control>
                    <control type="label">
                        <bottom>35</bottom>
                        <height>40</height>
                        <align>right</align>
                        <right>10</right>
                        <font>Tiny</font>
                        <textoffsetx>20</textoffsetx>
                        <label>$INFO[ListItem.Label2]</label>
                        <textcolor>Dark2</textcolor>
                    </control>
                    <control type="image">
                        <top>20</top>
                        <left>10</left>
                        <width>424</width>
                        <height>270</height>
                        <texture colordiffuse="Box2" border="4" background="true">common/box21.png</texture>
                        <visible>!Skin.HasSetting(thumbnails.white)</visible>
                    </control>
                    <control type="image">
                        <include>Animation.SelectBoxHome</include>
                        <left>5</left>
                        <top>15</top>
                        <right>0</right>
                        <bottom>14</bottom>
                        <texture border="20" colordiffuse="$VAR[ColorSquares]">common/selectbox.png</texture>
                    </control>
                    <control type="image">
                        <include>Animation.SelectBoxHome</include>
                        <left>5</left>
                        <top>15</top>
                        <right>0</right>
                        <bottom>14</bottom>
                        <texture border="20" colordiffuse="$VAR[ColorHighlightSelectbox2]">common/gradient-selectbox.png</texture>
                    </control>
                </focusedlayout>
            </control>
        </control>
    </controls>
</window>