<window id="1110" type="dialog">
    
    <!-- Delay -->
    <visible>[[System.IdleTime(3) + Integer.IsEqual(Skin.String(OSD_Timeout),3)] | [System.IdleTime(5) + Integer.IsEqual(Skin.String(OSD_Timeout),5)] | [System.IdleTime(10) + Integer.IsEqual(Skin.String(OSD_Timeout),10)] | [System.IdleTime(15) + Integer.IsEqual(Skin.String(OSD_Timeout),15)] | [System.IdleTime(20) + Integer.IsEqual(Skin.String(OSD_Timeout),20)] | [System.IdleTime(25) + Integer.IsEqual(Skin.String(OSD_Timeout),25)] | [System.IdleTime(30) + Integer.IsEqual(Skin.String(OSD_Timeout),30)]] + !Window.IsVisible(DialogSelect.xml) + !String.IsEmpty(Window(home).Property(controlsvisible)) + Skin.HasSetting(extended.nowplaying) + Window.IsVisible(Home) + Player.HasMedia + Skin.HasSetting(home.nowplaying.controls)</visible>
    
    <!-- Close Controls -->
    <onload condition="!$EXP[HasHomemenuAutoSlideOutAnimation]">SetFocus(300)</onload>
    <onload condition="$EXP[HasHomemenuAutoSlideOutAnimation]">SetFocus(2011)</onload>
    <onunload>ClearProperty(controlsvisible,home)</onunload>
    <controls/>
</window>